session_date,market,source_url,source_retrieved_at
2026-08-05,TSE,https://www.jpx.co.jp/english/corporate/about-jpx/calendar/index.html,2026-08-04
2026-08-06,TSE,https://www.jpx.co.jp/english/corporate/about-jpx/calendar/index.html,2026-08-04
2026-08-07,TSE,https://www.jpx.co.jp/english/corporate/about-jpx/calendar/index.html,2026-08-04
2026-08-10,TSE,https://www.jpx.co.jp/english/corporate/about-jpx/calendar/index.html,2026-08-04
2026-08-12,TSE,https://www.jpx.co.jp/english/corporate/about-jpx/calendar/index.html,2026-08-04
2026-08-13,TSE,https://www.jpx.co.jp/english/corporate/about-jpx/calendar/index.html,2026-08-04
2026-08-14,TSE,https://www.jpx.co.jp/english/corporate/about-jpx/calendar/index.html,2026-08-04
2026-08-17,TSE,https://www.jpx.co.jp/english/corporate/about-jpx/calendar/index.html,2026-08-04
2026-08-18,TSE,https://www.jpx.co.jp/english/corporate/about-jpx/calendar/index.html,2026-08-04
2026-08-19,TSE,https://www.jpx.co.jp/english/corporate/about-jpx/calendar/index.html,2026-08-04
2026-08-20,TSE,https://www.jpx.co.jp/english/corporate/about-jpx/calendar/index.html,2026-08-04
2026-08-21,TSE,https://www.jpx.co.jp/english/corporate/about-jpx/calendar/index.html,2026-08-04
2026-08-24,TSE,https://www.jpx.co.jp/english/corporate/about-jpx/calendar/index.html,2026-08-04
2026-08-25,TSE,https://www.jpx.co.jp/english/corporate/about-jpx/calendar/index.html,2026-08-04
2026-08-26,TSE,https://www.jpx.co.jp/english/corporate/about-jpx/calendar/index.html,2026-08-04
2026-08-27,TSE,https://www.jpx.co.jp/english/corporate/about-jpx/calendar/index.html,2026-08-04
2026-08-28,TSE,https://www.jpx.co.jp/english/corporate/about-jpx/calendar/index.html,2026-08-04
2026-08-31,TSE,https://www.jpx.co.jp/english/corporate/about-jpx/calendar/index.html,2026-08-04
2026-09-01,TSE,https://www.jpx.co.jp/english/corporate/about-jpx/calendar/index.html,2026-08-04
2026-09-02,TSE,https://www.jpx.co.jp/english/corporate/about-jpx/calendar/index.html,2026-08-04
2026-09-03,TSE,https://www.jpx.co.jp/english/corporate/about-jpx/calendar/index.html,2026-08-04
2026-09-04,TSE,https://www.jpx.co.jp/english/corporate/about-jpx/calendar/index.html,2026-08-04
2026-09-07,TSE,https://www.jpx.co.jp/english/corporate/about-jpx/calendar/index.html,2026-08-04
2026-09-08,TSE,https://www.jpx.co.jp/english/corporate/about-jpx/calendar/index.html,2026-08-04
2026-09-09,TSE,https://www.jpx.co.jp/english/corporate/about-jpx/calendar/index.html,2026-08-04
2026-09-10,TSE,https://www.jpx.co.jp/english/corporate/about-jpx/calendar/index.html,2026-08-04
2026-09-11,TSE,https://www.jpx.co.jp/english/corporate/about-jpx/calendar/index.html,2026-08-04
2026-09-14,TSE,https://www.jpx.co.jp/english/corporate/about-jpx/calendar/index.html,2026-08-04
2026-09-15,TSE,https://www.jpx.co.jp/english/corporate/about-jpx/calendar/index.html,2026-08-04
2026-09-16,TSE,https://www.jpx.co.jp/english/corporate/about-jpx/calendar/index.html,2026-08-04
2026-09-17,TSE,https://www.jpx.co.jp/english/corporate/about-jpx/calendar/index.html,2026-08-04
2026-09-18,TSE,https://www.jpx.co.jp/english/corporate/about-jpx/calendar/index.html,2026-08-04
2026-09-24,TSE,https://www.jpx.co.jp/english/corporate/about-jpx/calendar/index.html,2026-08-04
2026-09-25,TSE,https://www.jpx.co.jp/english/corporate/about-jpx/calendar/index.html,2026-08-04
2026-09-28,TSE,https://www.jpx.co.jp/english/corporate/about-jpx/calendar/index.html,2026-08-04
2026-09-29,TSE,https://www.jpx.co.jp/english/corporate/about-jpx/calendar/index.html,2026-08-04
2026-09-30,TSE,https://www.jpx.co.jp/english/corporate/about-jpx/calendar/index.html,2026-08-04
2026-10-01,TSE,https://www.jpx.co.jp/english/corporate/about-jpx/calendar/index.html,2026-08-04
2026-10-02,TSE,https://www.jpx.co.jp/english/corporate/about-jpx/calendar/index.html,2026-08-04
2026-10-05,TSE,https://www.jpx.co.jp/english/corporate/about-jpx/calendar/index.html,2026-08-04
2026-10-06,TSE,https://www.jpx.co.jp/english/corporate/about-jpx/calendar/index.html,2026-08-04
2026-10-07,TSE,https://www.jpx.co.jp/english/corporate/about-jpx/calendar/index.html,2026-08-04
2026-10-08,TSE,https://www.jpx.co.jp/english/corporate/about-jpx/calendar/index.html,2026-08-04
2026-10-09,TSE,https://www.jpx.co.jp/english/corporate/about-jpx/calendar/index.html,2026-08-04
2026-10-13,TSE,https://www.jpx.co.jp/english/corporate/about-jpx/calendar/index.html,2026-08-04
2026-10-14,TSE,https://www.jpx.co.jp/english/corporate/about-jpx/calendar/index.html,2026-08-04
2026-10-15,TSE,https://www.jpx.co.jp/english/corporate/about-jpx/calendar/index.html,2026-08-04
2026-10-16,TSE,https://www.jpx.co.jp/english/corporate/about-jpx/calendar/index.html,2026-08-04
2026-10-19,TSE,https://www.jpx.co.jp/english/corporate/about-jpx/calendar/index.html,2026-08-04
2026-10-20,TSE,https://www.jpx.co.jp/english/corporate/about-jpx/calendar/index.html,2026-08-04
2026-10-21,TSE,https://www.jpx.co.jp/english/corporate/about-jpx/calendar/index.html,2026-08-04
2026-10-22,TSE,https://www.jpx.co.jp/english/corporate/about-jpx/calendar/index.html,2026-08-04
2026-10-23,TSE,https://www.jpx.co.jp/english/corporate/about-jpx/calendar/index.html,2026-08-04
2026-10-26,TSE,https://www.jpx.co.jp/english/corporate/about-jpx/calendar/index.html,2026-08-04
2026-10-27,TSE,https://www.jpx.co.jp/english/corporate/about-jpx/calendar/index.html,2026-08-04
2026-10-28,TSE,https://www.jpx.co.jp/english/corporate/about-jpx/calendar/index.html,2026-08-04
2026-10-29,TSE,https://www.jpx.co.jp/english/corporate/about-jpx/calendar/index.html,2026-08-04
2026-10-30,TSE,https://www.jpx.co.jp/english/corporate/about-jpx/calendar/index.html,2026-08-04
2026-11-02,TSE,https://www.jpx.co.jp/english/corporate/about-jpx/calendar/index.html,2026-08-04
2026-11-04,TSE,https://www.jpx.co.jp/english/corporate/about-jpx/calendar/index.html,2026-08-04
2026-11-05,TSE,https://www.jpx.co.jp/english/corporate/about-jpx/calendar/index.html,2026-08-04
2026-11-06,TSE,https://www.jpx.co.jp/english/corporate/about-jpx/calendar/index.html,2026-08-04
2026-11-09,TSE,https://www.jpx.co.jp/english/corporate/about-jpx/calendar/index.html,2026-08-04
2026-11-10,TSE,https://www.jpx.co.jp/english/corporate/about-jpx/calendar/index.html,2026-08-04
2026-11-11,TSE,https://www.jpx.co.jp/english/corporate/about-jpx/calendar/index.html,2026-08-04
2026-11-12,TSE,https://www.jpx.co.jp/english/corporate/about-jpx/calendar/index.html,2026-08-04
2026-11-13,TSE,https://www.jpx.co.jp/english/corporate/about-jpx/calendar/index.html,2026-08-04
2026-11-16,TSE,https://www.jpx.co.jp/english/corporate/about-jpx/calendar/index.html,2026-08-04
2026-11-17,TSE,https://www.jpx.co.jp/english/corporate/about-jpx/calendar/index.html,2026-08-04
2026-11-18,TSE,https://www.jpx.co.jp/english/corporate/about-jpx/calendar/index.html,2026-08-04
2026-11-19,TSE,https://www.jpx.co.jp/english/corporate/about-jpx/calendar/index.html,2026-08-04
2026-11-20,TSE,https://www.jpx.co.jp/english/corporate/about-jpx/calendar/index.html,2026-08-04
2026-11-24,TSE,https://www.jpx.co.jp/english/corporate/about-jpx/calendar/index.html,2026-08-04
2026-11-25,TSE,https://www.jpx.co.jp/english/corporate/about-jpx/calendar/index.html,2026-08-04
2026-11-26,TSE,https://www.jpx.co.jp/english/corporate/about-jpx/calendar/index.html,2026-08-04
2026-11-27,TSE,https://www.jpx.co.jp/english/corporate/about-jpx/calendar/index.html,2026-08-04
2026-11-30,TSE,https://www.jpx.co.jp/english/corporate/about-jpx/calendar/index.html,2026-08-04
2026-12-01,TSE,https://www.jpx.co.jp/english/corporate/about-jpx/calendar/index.html,2026-08-04
2026-12-02,TSE,https://www.jpx.co.jp/english/corporate/about-jpx/calendar/index.html,2026-08-04
2026-12-03,TSE,https://www.jpx.co.jp/english/corporate/about-jpx/calendar/index.html,2026-08-04
2026-12-04,TSE,https://www.jpx.co.jp/english/corporate/about-jpx/calendar/index.html,2026-08-04
2026-12-07,TSE,https://www.jpx.co.jp/english/corporate/about-jpx/calendar/index.html,2026-08-04
2026-12-08,TSE,https://www.jpx.co.jp/english/corporate/about-jpx/calendar/index.html,2026-08-04
2026-12-09,TSE,https://www.jpx.co.jp/english/corporate/about-jpx/calendar/index.html,2026-08-04
2026-12-10,TSE,https://www.jpx.co.jp/english/corporate/about-jpx/calendar/index.html,2026-08-04
2026-12-11,TSE,https://www.jpx.co.jp/english/corporate/about-jpx/calendar/index.html,2026-08-04
2026-12-14,TSE,https://www.jpx.co.jp/english/corporate/about-jpx/calendar/index.html,2026-08-04
2026-12-15,TSE,https://www.jpx.co.jp/english/corporate/about-jpx/calendar/index.html,2026-08-04
2026-12-16,TSE,https://www.jpx.co.jp/english/corporate/about-jpx/calendar/index.html,2026-08-04
2026-12-17,TSE,https://www.jpx.co.jp/english/corporate/about-jpx/calendar/index.html,2026-08-04
2026-12-18,TSE,https://www.jpx.co.jp/english/corporate/about-jpx/calendar/index.html,2026-08-04
2026-12-21,TSE,https://www.jpx.co.jp/english/corporate/about-jpx/calendar/index.html,2026-08-04
2026-12-22,TSE,https://www.jpx.co.jp/english/corporate/about-jpx/calendar/index.html,2026-08-04
2026-12-23,TSE,https://www.jpx.co.jp/english/corporate/about-jpx/calendar/index.html,2026-08-04
2026-12-24,TSE,https://www.jpx.co.jp/english/corporate/about-jpx/calendar/index.html,2026-08-04
2026-12-25,TSE,https://www.jpx.co.jp/english/corporate/about-jpx/calendar/index.html,2026-08-04
2026-12-28,TSE,https://www.jpx.co.jp/english/corporate/about-jpx/calendar/index.html,2026-08-04
2026-12-29,TSE,https://www.jpx.co.jp/english/corporate/about-jpx/calendar/index.html,2026-08-04
2026-12-30,TSE,https://www.jpx.co.jp/english/corporate/about-jpx/calendar/index.html,2026-08-04
2027-01-04,TSE,https://www.jpx.co.jp/english/corporate/about-jpx/calendar/index.html,2026-08-04
2027-01-05,TSE,https://www.jpx.co.jp/english/corporate/about-jpx/calendar/index.html,2026-08-04
2027-01-06,TSE,https://www.jpx.co.jp/english/corporate/about-jpx/calendar/index.html,2026-08-04
2027-01-07,TSE,https://www.jpx.co.jp/english/corporate/about-jpx/calendar/index.html,2026-08-04
2027-01-08,TSE,https://www.jpx.co.jp/english/corporate/about-jpx/calendar/index.html,2026-08-04
2027-01-12,TSE,https://www.jpx.co.jp/english/corporate/about-jpx/calendar/index.html,2026-08-04
2027-01-13,TSE,https://www.jpx.co.jp/english/corporate/about-jpx/calendar/index.html,2026-08-04
2027-01-14,TSE,https://www.jpx.co.jp/english/corporate/about-jpx/calendar/index.html,2026-08-04
2027-01-15,TSE,https://www.jpx.co.jp/english/corporate/about-jpx/calendar/index.html,2026-08-04
2027-01-18,TSE,https://www.jpx.co.jp/english/corporate/about-jpx/calendar/index.html,2026-08-04
2027-01-19,TSE,https://www.jpx.co.jp/english/corporate/about-jpx/calendar/index.html,2026-08-04
2027-01-20,TSE,https://www.jpx.co.jp/english/corporate/about-jpx/calendar/index.html,2026-08-04
2027-01-21,TSE,https://www.jpx.co.jp/english/corporate/about-jpx/calendar/index.html,2026-08-04
2027-01-22,TSE,https://www.jpx.co.jp/english/corporate/about-jpx/calendar/index.html,2026-08-04
2027-01-25,TSE,https://www.jpx.co.jp/english/corporate/about-jpx/calendar/index.html,2026-08-04
2027-01-26,TSE,https://www.jpx.co.jp/english/corporate/about-jpx/calendar/index.html,2026-08-04
2027-01-27,TSE,https://www.jpx.co.jp/english/corporate/about-jpx/calendar/index.html,2026-08-04
2027-01-28,TSE,https://www.jpx.co.jp/english/corporate/about-jpx/calendar/index.html,2026-08-04
2027-01-29,TSE,https://www.jpx.co.jp/english/corporate/about-jpx/calendar/index.html,2026-08-04
2027-02-01,TSE,https://www.jpx.co.jp/english/corporate/about-jpx/calendar/index.html,2026-08-04
2027-02-02,TSE,https://www.jpx.co.jp/english/corporate/about-jpx/calendar/index.html,2026-08-04
2027-02-03,TSE,https://www.jpx.co.jp/english/corporate/about-jpx/calendar/index.html,2026-08-04
2027-02-04,TSE,https://www.jpx.co.jp/english/corporate/about-jpx/calendar/index.html,2026-08-04
2027-02-05,TSE,https://www.jpx.co.jp/english/corporate/about-jpx/calendar/index.html,2026-08-04
2027-02-08,TSE,https://www.jpx.co.jp/english/corporate/about-jpx/calendar/index.html,2026-08-04
2027-02-09,TSE,https://www.jpx.co.jp/english/corporate/about-jpx/calendar/index.html,2026-08-04
2027-02-10,TSE,https://www.jpx.co.jp/english/corporate/about-jpx/calendar/index.html,2026-08-04
2027-02-12,TSE,https://www.jpx.co.jp/english/corporate/about-jpx/calendar/index.html,2026-08-04
2027-02-15,TSE,https://www.jpx.co.jp/english/corporate/about-jpx/calendar/index.html,2026-08-04
2027-02-16,TSE,https://www.jpx.co.jp/english/corporate/about-jpx/calendar/index.html,2026-08-04
2027-02-17,TSE,https://www.jpx.co.jp/english/corporate/about-jpx/calendar/index.html,2026-08-04
2027-02-18,TSE,https://www.jpx.co.jp/english/corporate/about-jpx/calendar/index.html,2026-08-04
2027-02-19,TSE,https://www.jpx.co.jp/english/corporate/about-jpx/calendar/index.html,2026-08-04
2027-02-22,TSE,https://www.jpx.co.jp/english/corporate/about-jpx/calendar/index.html,2026-08-04
2027-02-24,TSE,https://www.jpx.co.jp/english/corporate/about-jpx/calendar/index.html,2026-08-04
2027-02-25,TSE,https://www.jpx.co.jp/english/corporate/about-jpx/calendar/index.html,2026-08-04
2027-02-26,TSE,https://www.jpx.co.jp/english/corporate/about-jpx/calendar/index.html,2026-08-04
2027-03-01,TSE,https://www.jpx.co.jp/english/corporate/about-jpx/calendar/index.html,2026-08-04
2027-03-02,TSE,https://www.jpx.co.jp/english/corporate/about-jpx/calendar/index.html,2026-08-04
2027-03-03,TSE,https://www.jpx.co.jp/english/corporate/about-jpx/calendar/index.html,2026-08-04
2027-03-04,TSE,https://www.jpx.co.jp/english/corporate/about-jpx/calendar/index.html,2026-08-04
2027-03-05,TSE,https://www.jpx.co.jp/english/corporate/about-jpx/calendar/index.html,2026-08-04
2027-03-08,TSE,https://www.jpx.co.jp/english/corporate/about-jpx/calendar/index.html,2026-08-04
2027-03-09,TSE,https://www.jpx.co.jp/english/corporate/about-jpx/calendar/index.html,2026-08-04
2027-03-10,TSE,https://www.jpx.co.jp/english/corporate/about-jpx/calendar/index.html,2026-08-04
2027-03-11,TSE,https://www.jpx.co.jp/english/corporate/about-jpx/calendar/index.html,2026-08-04
2027-03-12,TSE,https://www.jpx.co.jp/english/corporate/about-jpx/calendar/index.html,2026-08-04
2027-03-15,TSE,https://www.jpx.co.jp/english/corporate/about-jpx/calendar/index.html,2026-08-04
2027-03-16,TSE,https://www.jpx.co.jp/english/corporate/about-jpx/calendar/index.html,2026-08-04
2027-03-17,TSE,https://www.jpx.co.jp/english/corporate/about-jpx/calendar/index.html,2026-08-04
2027-03-18,TSE,https://www.jpx.co.jp/english/corporate/about-jpx/calendar/index.html,2026-08-04
2027-03-19,TSE,https://www.jpx.co.jp/english/corporate/about-jpx/calendar/index.html,2026-08-04
2027-03-23,TSE,https://www.jpx.co.jp/english/corporate/about-jpx/calendar/index.html,2026-08-04
2027-03-24,TSE,https://www.jpx.co.jp/english/corporate/about-jpx/calendar/index.html,2026-08-04
2027-03-25,TSE,https://www.jpx.co.jp/english/corporate/about-jpx/calendar/index.html,2026-08-04
2027-03-26,TSE,https://www.jpx.co.jp/english/corporate/about-jpx/calendar/index.html,2026-08-04
2027-03-29,TSE,https://www.jpx.co.jp/english/corporate/about-jpx/calendar/index.html,2026-08-04
2027-03-30,TSE,https://www.jpx.co.jp/english/corporate/about-jpx/calendar/index.html,2026-08-04
2027-03-31,TSE,https://www.jpx.co.jp/english/corporate/about-jpx/calendar/index.html,2026-08-04
2027-04-01,TSE,https://www.jpx.co.jp/english/corporate/about-jpx/calendar/index.html,2026-08-04
2027-04-02,TSE,https://www.jpx.co.jp/english/corporate/about-jpx/calendar/index.html,2026-08-04
2027-04-05,TSE,https://www.jpx.co.jp/english/corporate/about-jpx/calendar/index.html,2026-08-04
2027-04-06,TSE,https://www.jpx.co.jp/english/corporate/about-jpx/calendar/index.html,2026-08-04
2027-04-07,TSE,https://www.jpx.co.jp/english/corporate/about-jpx/calendar/index.html,2026-08-04
2027-04-08,TSE,https://www.jpx.co.jp/english/corporate/about-jpx/calendar/index.html,2026-08-04
2027-04-09,TSE,https://www.jpx.co.jp/english/corporate/about-jpx/calendar/index.html,2026-08-04
2027-04-12,TSE,https://www.jpx.co.jp/english/corporate/about-jpx/calendar/index.html,2026-08-04
2027-04-13,TSE,https://www.jpx.co.jp/english/corporate/about-jpx/calendar/index.html,2026-08-04
2027-04-14,TSE,https://www.jpx.co.jp/english/corporate/about-jpx/calendar/index.html,2026-08-04
2027-04-15,TSE,https://www.jpx.co.jp/english/corporate/about-jpx/calendar/index.html,2026-08-04
2027-04-16,TSE,https://www.jpx.co.jp/english/corporate/about-jpx/calendar/index.html,2026-08-04
2027-04-19,TSE,https://www.jpx.co.jp/english/corporate/about-jpx/calendar/index.html,2026-08-04
2027-04-20,TSE,https://www.jpx.co.jp/english/corporate/about-jpx/calendar/index.html,2026-08-04
2027-04-21,TSE,https://www.jpx.co.jp/english/corporate/about-jpx/calendar/index.html,2026-08-04
2027-04-22,TSE,https://www.jpx.co.jp/english/corporate/about-jpx/calendar/index.html,2026-08-04
2027-04-23,TSE,https://www.jpx.co.jp/english/corporate/about-jpx/calendar/index.html,2026-08-04
2027-04-26,TSE,https://www.jpx.co.jp/english/corporate/about-jpx/calendar/index.html,2026-08-04
2027-04-27,TSE,https://www.jpx.co.jp/english/corporate/about-jpx/calendar/index.html,2026-08-04
2027-04-28,TSE,https://www.jpx.co.jp/english/corporate/about-jpx/calendar/index.html,2026-08-04
2027-04-30,TSE,https://www.jpx.co.jp/english/corporate/about-jpx/calendar/index.html,2026-08-04
2027-05-06,TSE,https://www.jpx.co.jp/english/corporate/about-jpx/calendar/index.html,2026-08-04
2027-05-07,TSE,https://www.jpx.co.jp/english/corporate/about-jpx/calendar/index.html,2026-08-04
2027-05-10,TSE,https://www.jpx.co.jp/english/corporate/about-jpx/calendar/index.html,2026-08-04
2027-05-11,TSE,https://www.jpx.co.jp/english/corporate/about-jpx/calendar/index.html,2026-08-04
2027-05-12,TSE,https://www.jpx.co.jp/english/corporate/about-jpx/calendar/index.html,2026-08-04
2027-05-13,TSE,https://www.jpx.co.jp/english/corporate/about-jpx/calendar/index.html,2026-08-04
2027-05-14,TSE,https://www.jpx.co.jp/english/corporate/about-jpx/calendar/index.html,2026-08-04
2027-05-17,TSE,https://www.jpx.co.jp/english/corporate/about-jpx/calendar/index.html,2026-08-04
2027-05-18,TSE,https://www.jpx.co.jp/english/corporate/about-jpx/calendar/index.html,2026-08-04
2027-05-19,TSE,https://www.jpx.co.jp/english/corporate/about-jpx/calendar/index.html,2026-08-04
2027-05-20,TSE,https://www.jpx.co.jp/english/corporate/about-jpx/calendar/index.html,2026-08-04
2027-05-21,TSE,https://www.jpx.co.jp/english/corporate/about-jpx/calendar/index.html,2026-08-04
2027-05-24,TSE,https://www.jpx.co.jp/english/corporate/about-jpx/calendar/index.html,2026-08-04
2027-05-25,TSE,https://www.jpx.co.jp/english/corporate/about-jpx/calendar/index.html,2026-08-04
2027-05-26,TSE,https://www.jpx.co.jp/english/corporate/about-jpx/calendar/index.html,2026-08-04
2027-05-27,TSE,https://www.jpx.co.jp/english/corporate/about-jpx/calendar/index.html,2026-08-04
2027-05-28,TSE,https://www.jpx.co.jp/english/corporate/about-jpx/calendar/index.html,2026-08-04
2027-05-31,TSE,https://www.jpx.co.jp/english/corporate/about-jpx/calendar/index.html,2026-08-04
2027-06-01,TSE,https://www.jpx.co.jp/english/corporate/about-jpx/calendar/index.html,2026-08-04
2027-06-02,TSE,https://www.jpx.co.jp/english/corporate/about-jpx/calendar/index.html,2026-08-04
2027-06-03,TSE,https://www.jpx.co.jp/english/corporate/about-jpx/calendar/index.html,2026-08-04
2027-06-04,TSE,https://www.jpx.co.jp/english/corporate/about-jpx/calendar/index.html,2026-08-04
2027-06-07,TSE,https://www.jpx.co.jp/english/corporate/about-jpx/calendar/index.html,2026-08-04
2027-06-08,TSE,https://www.jpx.co.jp/english/corporate/about-jpx/calendar/index.html,2026-08-04
2027-06-09,TSE,https://www.jpx.co.jp/english/corporate/about-jpx/calendar/index.html,2026-08-04
2027-06-10,TSE,https://www.jpx.co.jp/english/corporate/about-jpx/calendar/index.html,2026-08-04
2027-06-11,TSE,https://www.jpx.co.jp/english/corporate/about-jpx/calendar/index.html,2026-08-04
2027-06-14,TSE,https://www.jpx.co.jp/english/corporate/about-jpx/calendar/index.html,2026-08-04
2027-06-15,TSE,https://www.jpx.co.jp/english/corporate/about-jpx/calendar/index.html,2026-08-04
2027-06-16,TSE,https://www.jpx.co.jp/english/corporate/about-jpx/calendar/index.html,2026-08-04
2027-06-17,TSE,https://www.jpx.co.jp/english/corporate/about-jpx/calendar/index.html,2026-08-04
2027-06-18,TSE,https://www.jpx.co.jp/english/corporate/about-jpx/calendar/index.html,2026-08-04
2027-06-21,TSE,https://www.jpx.co.jp/english/corporate/about-jpx/calendar/index.html,2026-08-04
2027-06-22,TSE,https://www.jpx.co.jp/english/corporate/about-jpx/calendar/index.html,2026-08-04
2027-06-23,TSE,https://www.jpx.co.jp/english/corporate/about-jpx/calendar/index.html,2026-08-04
2027-06-24,TSE,https://www.jpx.co.jp/english/corporate/about-jpx/calendar/index.html,2026-08-04
2027-06-25,TSE,https://www.jpx.co.jp/english/corporate/about-jpx/calendar/index.html,2026-08-04
2027-06-28,TSE,https://www.jpx.co.jp/english/corporate/about-jpx/calendar/index.html,2026-08-04
2027-06-29,TSE,https://www.jpx.co.jp/english/corporate/about-jpx/calendar/index.html,2026-08-04
2027-06-30,TSE,https://www.jpx.co.jp/english/corporate/about-jpx/calendar/index.html,2026-08-04
2027-07-01,TSE,https://www.jpx.co.jp/english/corporate/about-jpx/calendar/index.html,2026-08-04
2027-07-02,TSE,https://www.jpx.co.jp/english/corporate/about-jpx/calendar/index.html,2026-08-04
2027-07-05,TSE,https://www.jpx.co.jp/english/corporate/about-jpx/calendar/index.html,2026-08-04
2027-07-06,TSE,https://www.jpx.co.jp/english/corporate/about-jpx/calendar/index.html,2026-08-04
2027-07-07,TSE,https://www.jpx.co.jp/english/corporate/about-jpx/calendar/index.html,2026-08-04
2027-07-08,TSE,https://www.jpx.co.jp/english/corporate/about-jpx/calendar/index.html,2026-08-04
2027-07-09,TSE,https://www.jpx.co.jp/english/corporate/about-jpx/calendar/index.html,2026-08-04
2027-07-12,TSE,https://www.jpx.co.jp/english/corporate/about-jpx/calendar/index.html,2026-08-04
2027-07-13,TSE,https://www.jpx.co.jp/english/corporate/about-jpx/calendar/index.html,2026-08-04
2027-07-14,TSE,https://www.jpx.co.jp/english/corporate/about-jpx/calendar/index.html,2026-08-04
2027-07-15,TSE,https://www.jpx.co.jp/english/corporate/about-jpx/calendar/index.html,2026-08-04
2027-07-16,TSE,https://www.jpx.co.jp/english/corporate/about-jpx/calendar/index.html,2026-08-04
2027-07-20,TSE,https://www.jpx.co.jp/english/corporate/about-jpx/calendar/index.html,2026-08-04
2027-07-21,TSE,https://www.jpx.co.jp/english/corporate/about-jpx/calendar/index.html,2026-08-04
2027-07-22,TSE,https://www.jpx.co.jp/english/corporate/about-jpx/calendar/index.html,2026-08-04
2027-07-23,TSE,https://www.jpx.co.jp/english/corporate/about-jpx/calendar/index.html,2026-08-04
2027-07-26,TSE,https://www.jpx.co.jp/english/corporate/about-jpx/calendar/index.html,2026-08-04
2027-07-27,TSE,https://www.jpx.co.jp/english/corporate/about-jpx/calendar/index.html,2026-08-04
2027-07-28,TSE,https://www.jpx.co.jp/english/corporate/about-jpx/calendar/index.html,2026-08-04
2027-07-29,TSE,https://www.jpx.co.jp/english/corporate/about-jpx/calendar/index.html,2026-08-04
2027-07-30,TSE,https://www.jpx.co.jp/english/corporate/about-jpx/calendar/index.html,2026-08-04
2027-08-02,TSE,https://www.jpx.co.jp/english/corporate/about-jpx/calendar/index.html,2026-08-04
2027-08-03,TSE,https://www.jpx.co.jp/english/corporate/about-jpx/calendar/index.html,2026-08-04
2027-08-04,TSE,https://www.jpx.co.jp/english/corporate/about-jpx/calendar/index.html,2026-08-04
2027-08-05,TSE,https://www.jpx.co.jp/english/corporate/about-jpx/calendar/index.html,2026-08-04
2027-08-06,TSE,https://www.jpx.co.jp/english/corporate/about-jpx/calendar/index.html,2026-08-04
2027-08-09,TSE,https://www.jpx.co.jp/english/corporate/about-jpx/calendar/index.html,2026-08-04
2027-08-10,TSE,https://www.jpx.co.jp/english/corporate/about-jpx/calendar/index.html,2026-08-04
2027-08-12,TSE,https://www.jpx.co.jp/english/corporate/about-jpx/calendar/index.html,2026-08-04
2027-08-13,TSE,https://www.jpx.co.jp/english/corporate/about-jpx/calendar/index.html,2026-08-04
2027-08-16,TSE,https://www.jpx.co.jp/english/corporate/about-jpx/calendar/index.html,2026-08-04
2027-08-17,TSE,https://www.jpx.co.jp/english/corporate/about-jpx/calendar/index.html,2026-08-04
2027-08-18,TSE,https://www.jpx.co.jp/english/corporate/about-jpx/calendar/index.html,2026-08-04
2027-08-19,TSE,https://www.jpx.co.jp/english/corporate/about-jpx/calendar/index.html,2026-08-04
2027-08-20,TSE,https://www.jpx.co.jp/english/corporate/about-jpx/calendar/index.html,2026-08-04
2027-08-23,TSE,https://www.jpx.co.jp/english/corporate/about-jpx/calendar/index.html,2026-08-04
2027-08-24,TSE,https://www.jpx.co.jp/english/corporate/about-jpx/calendar/index.html,2026-08-04
2027-08-25,TSE,https://www.jpx.co.jp/english/corporate/about-jpx/calendar/index.html,2026-08-04
2027-08-26,TSE,https://www.jpx.co.jp/english/corporate/about-jpx/calendar/index.html,2026-08-04
2027-08-27,TSE,https://www.jpx.co.jp/english/corporate/about-jpx/calendar/index.html,2026-08-04
2027-08-30,TSE,https://www.jpx.co.jp/english/corporate/about-jpx/calendar/index.html,2026-08-04
2027-08-31,TSE,https://www.jpx.co.jp/english/corporate/about-jpx/calendar/index.html,2026-08-04
2027-09-01,TSE,https://www.jpx.co.jp/english/corporate/about-jpx/calendar/index.html,2026-08-04
2027-09-02,TSE,https://www.jpx.co.jp/english/corporate/about-jpx/calendar/index.html,2026-08-04
2027-09-03,TSE,https://www.jpx.co.jp/english/corporate/about-jpx/calendar/index.html,2026-08-04
2027-09-06,TSE,https://www.jpx.co.jp/english/corporate/about-jpx/calendar/index.html,2026-08-04
2027-09-07,TSE,https://www.jpx.co.jp/english/corporate/about-jpx/calendar/index.html,2026-08-04
2027-09-08,TSE,https://www.jpx.co.jp/english/corporate/about-jpx/calendar/index.html,2026-08-04
2027-09-09,TSE,https://www.jpx.co.jp/english/corporate/about-jpx/calendar/index.html,2026-08-04
2027-09-10,TSE,https://www.jpx.co.jp/english/corporate/about-jpx/calendar/index.html,2026-08-04
2027-09-13,TSE,https://www.jpx.co.jp/english/corporate/about-jpx/calendar/index.html,2026-08-04
2027-09-14,TSE,https://www.jpx.co.jp/english/corporate/about-jpx/calendar/index.html,2026-08-04
2027-09-15,TSE,https://www.jpx.co.jp/english/corporate/about-jpx/calendar/index.html,2026-08-04
2027-09-16,TSE,https://www.jpx.co.jp/english/corporate/about-jpx/calendar/index.html,2026-08-04
2027-09-17,TSE,https://www.jpx.co.jp/english/corporate/about-jpx/calendar/index.html,2026-08-04
2027-09-21,TSE,https://www.jpx.co.jp/english/corporate/about-jpx/calendar/index.html,2026-08-04
2027-09-22,TSE,https://www.jpx.co.jp/english/corporate/about-jpx/calendar/index.html,2026-08-04
2027-09-24,TSE,https://www.jpx.co.jp/english/corporate/about-jpx/calendar/index.html,2026-08-04
2027-09-27,TSE,https://www.jpx.co.jp/english/corporate/about-jpx/calendar/index.html,2026-08-04
2027-09-28,TSE,https://www.jpx.co.jp/english/corporate/about-jpx/calendar/index.html,2026-08-04
2027-09-29,TSE,https://www.jpx.co.jp/english/corporate/about-jpx/calendar/index.html,2026-08-04
2027-09-30,TSE,https://www.jpx.co.jp/english/corporate/about-jpx/calendar/index.html,2026-08-04
2027-10-01,TSE,https://www.jpx.co.jp/english/corporate/about-jpx/calendar/index.html,2026-08-04
2027-10-04,TSE,https://www.jpx.co.jp/english/corporate/about-jpx/calendar/index.html,2026-08-04
2027-10-05,TSE,https://www.jpx.co.jp/english/corporate/about-jpx/calendar/index.html,2026-08-04
2027-10-06,TSE,https://www.jpx.co.jp/english/corporate/about-jpx/calendar/index.html,2026-08-04
2027-10-07,TSE,https://www.jpx.co.jp/english/corporate/about-jpx/calendar/index.html,2026-08-04
2027-10-08,TSE,https://www.jpx.co.jp/english/corporate/about-jpx/calendar/index.html,2026-08-04
2027-10-12,TSE,https://www.jpx.co.jp/english/corporate/about-jpx/calendar/index.html,2026-08-04
2027-10-13,TSE,https://www.jpx.co.jp/english/corporate/about-jpx/calendar/index.html,2026-08-04
2027-10-14,TSE,https://www.jpx.co.jp/english/corporate/about-jpx/calendar/index.html,2026-08-04
2027-10-15,TSE,https://www.jpx.co.jp/english/corporate/about-jpx/calendar/index.html,2026-08-04
2027-10-18,TSE,https://www.jpx.co.jp/english/corporate/about-jpx/calendar/index.html,2026-08-04
2027-10-19,TSE,https://www.jpx.co.jp/english/corporate/about-jpx/calendar/index.html,2026-08-04
2027-10-20,TSE,https://www.jpx.co.jp/english/corporate/about-jpx/calendar/index.html,2026-08-04
2027-10-21,TSE,https://www.jpx.co.jp/english/corporate/about-jpx/calendar/index.html,2026-08-04
2027-10-22,TSE,https://www.jpx.co.jp/english/corporate/about-jpx/calendar/index.html,2026-08-04
2027-10-25,TSE,https://www.jpx.co.jp/english/corporate/about-jpx/calendar/index.html,2026-08-04
2027-10-26,TSE,https://www.jpx.co.jp/english/corporate/about-jpx/calendar/index.html,2026-08-04
2027-10-27,TSE,https://www.jpx.co.jp/english/corporate/about-jpx/calendar/index.html,2026-08-04
2027-10-28,TSE,https://www.jpx.co.jp/english/corporate/about-jpx/calendar/index.html,2026-08-04
2027-10-29,TSE,https://www.jpx.co.jp/english/corporate/about-jpx/calendar/index.html,2026-08-04
2027-11-01,TSE,https://www.jpx.co.jp/english/corporate/about-jpx/calendar/index.html,2026-08-04
2027-11-02,TSE,https://www.jpx.co.jp/english/corporate/about-jpx/calendar/index.html,2026-08-04
2027-11-04,TSE,https://www.jpx.co.jp/english/corporate/about-jpx/calendar/index.html,2026-08-04
2027-11-05,TSE,https://www.jpx.co.jp/english/corporate/about-jpx/calendar/index.html,2026-08-04
2027-11-08,TSE,https://www.jpx.co.jp/english/corporate/about-jpx/calendar/index.html,2026-08-04
2027-11-09,TSE,https://www.jpx.co.jp/english/corporate/about-jpx/calendar/index.html,2026-08-04
2027-11-10,TSE,https://www.jpx.co.jp/english/corporate/about-jpx/calendar/index.html,2026-08-04
2027-11-11,TSE,https://www.jpx.co.jp/english/corporate/about-jpx/calendar/index.html,2026-08-04
2027-11-12,TSE,https://www.jpx.co.jp/english/corporate/about-jpx/calendar/index.html,2026-08-04
2027-11-15,TSE,https://www.jpx.co.jp/english/corporate/about-jpx/calendar/index.html,2026-08-04
2027-11-16,TSE,https://www.jpx.co.jp/english/corporate/about-jpx/calendar/index.html,2026-08-04
2027-11-17,TSE,https://www.jpx.co.jp/english/corporate/about-jpx/calendar/index.html,2026-08-04
2027-11-18,TSE,https://www.jpx.co.jp/english/corporate/about-jpx/calendar/index.html,2026-08-04
2027-11-19,TSE,https://www.jpx.co.jp/english/corporate/about-jpx/calendar/index.html,2026-08-04
2027-11-22,TSE,https://www.jpx.co.jp/english/corporate/about-jpx/calendar/index.html,2026-08-04
2027-11-24,TSE,https://www.jpx.co.jp/english/corporate/about-jpx/calendar/index.html,2026-08-04
2027-11-25,TSE,https://www.jpx.co.jp/english/corporate/about-jpx/calendar/index.html,2026-08-04
2027-11-26,TSE,https://www.jpx.co.jp/english/corporate/about-jpx/calendar/index.html,2026-08-04
2027-11-29,TSE,https://www.jpx.co.jp/english/corporate/about-jpx/calendar/index.html,2026-08-04
2027-11-30,TSE,https://www.jpx.co.jp/english/corporate/about-jpx/calendar/index.html,2026-08-04
2027-12-01,TSE,https://www.jpx.co.jp/english/corporate/about-jpx/calendar/index.html,2026-08-04
2027-12-02,TSE,https://www.jpx.co.jp/english/corporate/about-jpx/calendar/index.html,2026-08-04
2027-12-03,TSE,https://www.jpx.co.jp/english/corporate/about-jpx/calendar/index.html,2026-08-04
2027-12-06,TSE,https://www.jpx.co.jp/english/corporate/about-jpx/calendar/index.html,2026-08-04
2027-12-07,TSE,https://www.jpx.co.jp/english/corporate/about-jpx/calendar/index.html,2026-08-04
2027-12-08,TSE,https://www.jpx.co.jp/english/corporate/about-jpx/calendar/index.html,2026-08-04
2027-12-09,TSE,https://www.jpx.co.jp/english/corporate/about-jpx/calendar/index.html,2026-08-04
2027-12-10,TSE,https://www.jpx.co.jp/english/corporate/about-jpx/calendar/index.html,2026-08-04
2027-12-13,TSE,https://www.jpx.co.jp/english/corporate/about-jpx/calendar/index.html,2026-08-04
2027-12-14,TSE,https://www.jpx.co.jp/english/corporate/about-jpx/calendar/index.html,2026-08-04
2027-12-15,TSE,https://www.jpx.co.jp/english/corporate/about-jpx/calendar/index.html,2026-08-04
2027-12-16,TSE,https://www.jpx.co.jp/english/corporate/about-jpx/calendar/index.html,2026-08-04
2027-12-17,TSE,https://www.jpx.co.jp/english/corporate/about-jpx/calendar/index.html,2026-08-04
2027-12-20,TSE,https://www.jpx.co.jp/english/corporate/about-jpx/calendar/index.html,2026-08-04
2027-12-21,TSE,https://www.jpx.co.jp/english/corporate/about-jpx/calendar/index.html,2026-08-04
2027-12-22,TSE,https://www.jpx.co.jp/english/corporate/about-jpx/calendar/index.html,2026-08-04
2027-12-23,TSE,https://www.jpx.co.jp/english/corporate/about-jpx/calendar/index.html,2026-08-04
2027-12-24,TSE,https://www.jpx.co.jp/english/corporate/about-jpx/calendar/index.html,2026-08-04
2027-12-27,TSE,https://www.jpx.co.jp/english/corporate/about-jpx/calendar/index.html,2026-08-04
2027-12-28,TSE,https://www.jpx.co.jp/english/corporate/about-jpx/calendar/index.html,2026-08-04
2027-12-29,TSE,https://www.jpx.co.jp/english/corporate/about-jpx/calendar/index.html,2026-08-04
2027-12-30,TSE,https://www.jpx.co.jp/english/corporate/about-jpx/calendar/index.html,2026-08-04
