candidate_id,date,model_rank,code,name,model_score,pre_veto_code,vetoed,label,oc_return_pct
C00_PRICE_RIDGE,2025-12-01,1,8139,ナガホリ,0.14562291646354603,8139,False,0.0,-0.22321428571429047
C00_PRICE_RIDGE,2025-12-01,2,8127,ヤマトインター,0.14492446940456238,8127,False,0.0,-1.340033500837523
C00_PRICE_RIDGE,2025-12-02,1,8127,ヤマトインター,0.16347476807489825,8127,False,0.0,-0.8431703204047181
C00_PRICE_RIDGE,2025-12-02,2,1866,北野建,0.13524062105117063,1866,False,0.0,-0.9360374414976613
C00_PRICE_RIDGE,2025-12-03,1,8127,ヤマトインター,0.15570463255994652,8127,False,0.0,-5.982905982905984
C00_PRICE_RIDGE,2025-12-03,2,8132,シナネンＨＤ,0.13451436807064482,8132,False,0.0,-1.8808777429467072
C00_PRICE_RIDGE,2025-12-04,1,8127,ヤマトインター,0.17964576138307992,8127,False,0.0,-5.44090056285178
C00_PRICE_RIDGE,2025-12-04,2,8132,シナネンＨＤ,0.12993811525032695,8132,False,1.0,0.789889415481837
C00_PRICE_RIDGE,2025-12-05,1,8127,ヤマトインター,0.13504924306685917,8127,False,1.0,0.4048582995951344
C00_PRICE_RIDGE,2025-12-05,2,2004,昭和産,0.10759665009814655,2004,False,0.0,-0.5226480836236891
C00_PRICE_RIDGE,2025-12-08,1,8278,フジ,0.12615885456347703,8278,False,0.0,-0.2970297029702973
C00_PRICE_RIDGE,2025-12-08,2,9532,大瓦斯,0.12024660782132014,9532,False,1.0,1.676300578034673
C00_PRICE_RIDGE,2025-12-09,1,3712,情報企画,0.140637003753014,3712,False,1.0,2.0168067226890685
C00_PRICE_RIDGE,2025-12-09,2,3261,Ｇ－グラン,0.13335107146231337,3261,False,0.0,-2.3668639053254448
C00_PRICE_RIDGE,2025-12-10,1,3261,Ｇ－グラン,0.14370865937494554,3261,False,1.0,0.865051903114189
C00_PRICE_RIDGE,2025-12-10,2,9636,きんえい,0.1250759723530559,9636,False,0.0,-0.363636363636366
C00_PRICE_RIDGE,2025-12-11,1,6038,Ｇ－イード,0.12996795574910563,6038,False,0.0,-0.3215434083601254
C00_PRICE_RIDGE,2025-12-11,2,6757,ＯＳＧコーポ,0.12590485836794207,6757,False,1.0,0.3089598352214118
C00_PRICE_RIDGE,2025-12-12,1,4937,Ｇ－Ｗａｑｏｏ,0.13780397566622377,4937,False,0.0,-8.835078534031416
C00_PRICE_RIDGE,2025-12-12,2,1921,巴,0.11429399666105731,1921,False,0.0,-1.8959649975692772
C00_PRICE_RIDGE,2025-12-15,1,4172,東和ハイシステム,0.12311121115854574,4172,False,1.0,0.7227891156462496
C00_PRICE_RIDGE,2025-12-15,2,6038,Ｇ－イード,0.1226461940220577,6038,False,1.0,0.7600434310532034
C00_PRICE_RIDGE,2025-12-16,1,7084,Ｇ－ＳｍｉｌｅＨＤ,0.14841448000233048,7084,False,1.0,0.13518080432579627
C00_PRICE_RIDGE,2025-12-16,2,6038,Ｇ－イード,0.12502243260762877,6038,False,1.0,0.5387931034482651
C00_PRICE_RIDGE,2025-12-17,1,7084,Ｇ－ＳｍｉｌｅＨＤ,0.15638014708240486,7084,False,0.0,-0.8445945945945943
C00_PRICE_RIDGE,2025-12-17,2,6894,パルステック,0.12777608693943127,6894,False,0.0,-2.5931164545025975
C00_PRICE_RIDGE,2025-12-18,1,7084,Ｇ－ＳｍｉｌｅＨＤ,0.17441382156154617,7084,False,1.0,0.5492619292825296
C00_PRICE_RIDGE,2025-12-18,2,9331,Ｇ－キャスター,0.12655028105495353,9331,False,1.0,3.2299741602067167
C00_PRICE_RIDGE,2025-12-19,1,7084,Ｇ－ＳｍｉｌｅＨＤ,0.17733991731594997,7084,False,0.0,-0.4731328151402536
C00_PRICE_RIDGE,2025-12-19,2,6038,Ｇ－イード,0.14037352150299529,6038,False,1.0,0.32467532467532756
C00_PRICE_RIDGE,2025-12-22,1,7084,Ｇ－ＳｍｉｌｅＨＤ,0.16732363935064185,7084,False,0.0,-1.1844331641285955
C00_PRICE_RIDGE,2025-12-22,2,4972,綜研化学,0.13993671191316084,4972,False,1.0,0.41952707856598437
C00_PRICE_RIDGE,2025-12-23,1,3261,Ｇ－グラン,0.16925009089251186,3261,False,0.0,0.0
C00_PRICE_RIDGE,2025-12-23,2,7084,Ｇ－ＳｍｉｌｅＨＤ,0.1561041315578927,7084,False,1.0,1.6027874564459976
C00_PRICE_RIDGE,2025-12-24,1,7084,Ｇ－ＳｍｉｌｅＨＤ,0.15648216233373888,7084,False,1.0,0.6920415224913601
C00_PRICE_RIDGE,2025-12-24,2,4464,ソフト９９,0.14866354559357392,4464,False,1.0,0.12437810945273853
C00_PRICE_RIDGE,2025-12-25,1,4464,ソフト９９,0.17218386610297207,4464,False,0.0,0.0
C00_PRICE_RIDGE,2025-12-25,2,7084,Ｇ－ＳｍｉｌｅＨＤ,0.16317479200974458,7084,False,1.0,0.9030913511635985
C00_PRICE_RIDGE,2025-12-26,1,4464,ソフト９９,0.17626938819603227,4464,False,0.0,-0.24906600249066102
C00_PRICE_RIDGE,2025-12-26,2,7084,Ｇ－ＳｍｉｌｅＨＤ,0.16207886074998226,7084,False,1.0,2.323968088796402
C00_PRICE_RIDGE,2025-12-29,1,4464,ソフト９９,0.15801607791073988,4464,False,0.0,0.0
C00_PRICE_RIDGE,2025-12-29,2,3469,デュアルタップ,0.14353218628757294,3469,False,,
C00_PRICE_RIDGE,2025-12-30,1,,,,,False,,
C00_PRICE_RIDGE,2025-12-30,2,,,,,False,,
C00_PRICE_RIDGE,2026-01-05,1,6706,電気興,0.14606150495911532,6706,False,1.0,1.144601297214809
C00_PRICE_RIDGE,2026-01-05,2,7084,Ｇ－ＳｍｉｌｅＨＤ,0.1352758608218376,7084,False,1.0,1.5395141977420534
C00_PRICE_RIDGE,2026-01-06,1,4972,綜研化学,0.15071466629730282,4972,False,0.0,-0.1521491061239999
C00_PRICE_RIDGE,2026-01-06,2,6706,電気興,0.1441785400463009,6706,False,1.0,1.174242424242422
C00_PRICE_RIDGE,2026-01-07,1,7084,Ｇ－ＳｍｉｌｅＨＤ,0.14065521452752544,7084,False,0.0,-0.6068779501011479
C00_PRICE_RIDGE,2026-01-07,2,6566,要興業,0.1369795161898923,6566,False,1.0,0.48309178743961567
C00_PRICE_RIDGE,2026-01-08,1,7084,Ｇ－ＳｍｉｌｅＨＤ,0.14528714226434644,7084,False,0.0,-0.6784260515603768
C00_PRICE_RIDGE,2026-01-08,2,6706,電気興,0.14383324053995586,6706,False,1.0,0.4487658937920802
C00_PRICE_RIDGE,2026-01-09,1,9063,岡県運送,0.15039249028481075,9063,False,1.0,0.8383233532934131
C00_PRICE_RIDGE,2026-01-09,2,6566,要興業,0.14197841415941634,6566,False,1.0,2.1754385964912304
C00_PRICE_RIDGE,2026-01-13,1,9691,両毛システム,0.13954241426523933,9691,False,0.0,-0.7551240560949246
C00_PRICE_RIDGE,2026-01-13,2,4242,タカギセイコー,0.1373214024254596,4242,False,0.0,-0.11764705882353343
C00_PRICE_RIDGE,2026-01-14,1,7284,盟和産,0.15432773627963323,7284,False,1.0,0.6611570247933907
C00_PRICE_RIDGE,2026-01-14,2,7084,Ｇ－ＳｍｉｌｅＨＤ,0.1462205672215679,7084,False,1.0,0.9291121816930481
C00_PRICE_RIDGE,2026-01-15,1,9331,Ｇ－キャスター,0.15755734345005265,9331,False,1.0,1.2484394506866447
C00_PRICE_RIDGE,2026-01-15,2,6706,電気興,0.14565278668239545,6706,False,1.0,0.6661732050333047
C00_PRICE_RIDGE,2026-01-16,1,7614,オーエムツー,0.15873781020748257,7614,False,0.0,-0.12539184952977678
C00_PRICE_RIDGE,2026-01-16,2,7084,Ｇ－ＳｍｉｌｅＨＤ,0.14318965936551636,7084,False,1.0,3.0949105914718
C00_PRICE_RIDGE,2026-01-19,1,6706,電気興,0.16159435353022086,6706,False,0.0,-0.6642066420664228
C00_PRICE_RIDGE,2026-01-19,2,9202,ＡＮＡ,0.1404268963342169,9202,False,1.0,0.8916776750330202
C00_PRICE_RIDGE,2026-01-20,1,6706,電気興,0.17957577039819564,6706,False,1.0,0.5237560793116325
C00_PRICE_RIDGE,2026-01-20,2,6566,要興業,0.15134908781527603,6566,False,0.0,-0.48043925875085325
C00_PRICE_RIDGE,2026-01-21,1,6706,電気興,0.17481046999053157,6706,False,0.0,-0.4838109415705283
C00_PRICE_RIDGE,2026-01-21,2,8742,小林洋行,0.14187908660489487,8742,False,1.0,1.327433628318575
C00_PRICE_RIDGE,2026-01-22,1,6706,電気興,0.1608419172258007,6706,False,1.0,2.6168224299065512
C00_PRICE_RIDGE,2026-01-22,2,9761,東海リース,0.13900617548734504,9761,False,1.0,1.5947102294826987
C00_PRICE_RIDGE,2026-01-23,1,6380,オリチエン工業,0.16790444932283533,6380,False,1.0,5.397727272727271
C00_PRICE_RIDGE,2026-01-23,2,3934,ベネフィットジャパン,0.13987722313300366,3934,False,1.0,2.5945945945945903
C00_PRICE_RIDGE,2026-01-26,1,6072,地盤ネットＨＤ,0.14035330432919776,6072,False,0.0,-1.0204081632653073
C00_PRICE_RIDGE,2026-01-26,2,6482,ＹＵＳＨＩＮ,0.13959342329854416,6482,False,1.0,0.8152173913043459
C00_PRICE_RIDGE,2026-01-27,1,7523,アールビバン,0.15723007279349924,7523,False,0.0,-0.17857142857142794
C00_PRICE_RIDGE,2026-01-27,2,6380,オリチエン工業,0.15153363561098157,6380,False,0.0,-1.5536723163841804
C00_PRICE_RIDGE,2026-01-28,1,9202,ＡＮＡ,0.14213326662874176,9202,False,0.0,-0.7377598926894713
C00_PRICE_RIDGE,2026-01-28,2,9761,東海リース,0.1348347529039898,9761,False,0.0,-0.07833920877399203
C00_PRICE_RIDGE,2026-01-29,1,3965,ＣＡＰ,0.1409013611400518,3965,False,0.0,-3.0599755201958345
C00_PRICE_RIDGE,2026-01-29,2,7459,メディパル,0.12957030647233297,7459,False,1.0,0.8354522339266257
C00_PRICE_RIDGE,2026-01-30,1,6382,トリニ工,0.1533864789919747,6382,False,1.0,0.846153846153852
C00_PRICE_RIDGE,2026-01-30,2,1921,巴,0.14419773848034814,1921,False,0.0,-3.4285714285714253
C00_PRICE_RIDGE,2026-02-02,1,3104,富士紡ＨＤ,0.15195400829190633,3104,False,0.0,-2.346368715083802
C00_PRICE_RIDGE,2026-02-02,2,3659,ネクソン,0.14305442050767803,3659,False,0.0,-3.7569944044764214
C00_PRICE_RIDGE,2026-02-03,1,9331,Ｇ－キャスター,0.13722937869316765,9331,False,0.0,-1.3580246913580285
C00_PRICE_RIDGE,2026-02-03,2,9075,福山運,0.13484048528774797,9075,False,1.0,2.885682574916748
C00_PRICE_RIDGE,2026-02-04,1,9331,Ｇ－キャスター,0.15117437009283927,9331,False,0.0,-0.25380710659898
C00_PRICE_RIDGE,2026-02-04,2,7255,桜井製作,0.14577969717621858,7255,False,1.0,1.3615733736762392
C00_PRICE_RIDGE,2026-02-05,1,2492,インフォマート,0.15564938341478265,2492,False,0.0,-2.9629629629629672
C00_PRICE_RIDGE,2026-02-05,2,3386,コスモ・バイオ,0.1463897357164157,3386,False,1.0,0.3843197540353671
C00_PRICE_RIDGE,2026-02-06,1,9331,Ｇ－キャスター,0.14271819973529815,9331,False,0.0,-3.7275064267352165
C00_PRICE_RIDGE,2026-02-06,2,2903,シノブフーズ,0.14056721817266596,2903,False,0.0,-0.2577319587628857
C00_PRICE_RIDGE,2026-02-09,1,9331,Ｇ－キャスター,0.14506010686842905,9331,False,1.0,2.1220159151193574
C00_PRICE_RIDGE,2026-02-09,2,7255,桜井製作,0.13868933544136017,7255,False,1.0,1.4925373134328401
C00_PRICE_RIDGE,2026-02-10,1,9342,Ｇ－スマサポ,0.146499875238618,9342,False,0.0,-0.6140350877193002
C00_PRICE_RIDGE,2026-02-10,2,3386,コスモ・バイオ,0.14622450748515334,3386,False,1.0,0.6125574272588086
C00_PRICE_RIDGE,2026-02-12,1,3105,日清紡ＨＤ,0.14453737123001473,3105,False,1.0,3.3986928104575265
C00_PRICE_RIDGE,2026-02-12,2,3386,コスモ・バイオ,0.13546117865948623,3386,False,1.0,1.7358490566037776
C00_PRICE_RIDGE,2026-02-13,1,7255,桜井製作,0.15626157277698022,7255,False,0.0,-2.0312499999999956
C00_PRICE_RIDGE,2026-02-13,2,4530,久光薬,0.14351377258687772,4530,False,0.0,-1.746031746031751
C00_PRICE_RIDGE,2026-02-16,1,7069,Ｇ－サイバー・バズ,0.16838240111686098,7069,False,0.0,-5.152224824355967
C00_PRICE_RIDGE,2026-02-16,2,1815,鉄建建設,0.1515931569572621,1815,False,1.0,1.3918629550321304
C00_PRICE_RIDGE,2026-02-17,1,7084,Ｇ－ＳｍｉｌｅＨＤ,0.18949690969488556,7084,False,0.0,-1.7322834645669305
C00_PRICE_RIDGE,2026-02-17,2,7069,Ｇ－サイバー・バズ,0.15777709706511292,7069,False,0.0,-1.1111111111111072
C00_PRICE_RIDGE,2026-02-18,1,3490,アズ企画設計,0.12650613578685788,3490,False,1.0,1.8263266712611914
C00_PRICE_RIDGE,2026-02-18,2,3892,岡山製紙,0.12145968055673002,3892,False,1.0,4.254143646408837
C00_PRICE_RIDGE,2026-02-19,1,7091,Ｇ－ＬＰＦ,0.13362228561635786,7091,False,1.0,0.6950477845351966
C00_PRICE_RIDGE,2026-02-19,2,7067,Ｇ－ブランディング,0.13124918799456314,7067,False,1.0,0.8064516129032251
C00_PRICE_RIDGE,2026-02-20,1,3892,岡山製紙,0.11351193849808744,3892,False,1.0,0.5452562704471031
C00_PRICE_RIDGE,2026-02-20,2,7067,Ｇ－ブランディング,0.11321942015304513,7067,False,1.0,2.2267206477732726
C00_PRICE_RIDGE,2026-02-24,1,7065,ユーピーアール,0.1448128485693859,7065,False,0.0,-1.2820512820512775
C00_PRICE_RIDGE,2026-02-24,2,4530,久光薬,0.14272672740382428,4530,False,0.0,-0.016583747927034764
C00_PRICE_RIDGE,2026-02-25,1,1381,アクシーズ,0.1422622375676577,1381,False,1.0,0.3754693366708306
C00_PRICE_RIDGE,2026-02-25,2,7501,ティムコ,0.13704802000481384,7501,False,1.0,0.05714285714286671
C00_PRICE_RIDGE,2026-02-26,1,7067,Ｇ－ブランディング,0.14309757156131167,7067,False,1.0,0.9708737864077666
C00_PRICE_RIDGE,2026-02-26,2,7501,ティムコ,0.12725886097841313,7501,False,1.0,1.9718309859154903
C00_PRICE_RIDGE,2026-02-27,1,4387,Ｇ－ＺＵＵ,0.1451724705799812,4387,False,1.0,1.9938650306748462
C00_PRICE_RIDGE,2026-02-27,2,8742,小林洋行,0.1408783423769337,8742,False,1.0,6.490872210953347
C00_PRICE_RIDGE,2026-03-02,1,6342,太平製作所,0.1269960055702497,6342,False,1.0,0.4739336492890933
C00_PRICE_RIDGE,2026-03-02,2,7501,ティムコ,0.1149840453143031,7501,False,0.0,-0.800457404230992
C00_PRICE_RIDGE,2026-03-03,1,7501,ティムコ,0.15563205372218242,7501,False,1.0,8.060747663551403
C00_PRICE_RIDGE,2026-03-03,2,9202,ＡＮＡ,0.12951183602198163,9202,False,0.0,-2.412280701754388
C00_PRICE_RIDGE,2026-03-04,1,3892,岡山製紙,0.17894761837144726,3892,False,0.0,-3.347969264544459
C00_PRICE_RIDGE,2026-03-04,2,1948,弘電社,0.16548765865777512,1948,False,1.0,1.7187499999999911
C00_PRICE_RIDGE,2026-03-05,1,6137,小池酸工,0.1598254452040049,6137,False,0.0,-2.052655064703257
C00_PRICE_RIDGE,2026-03-05,2,6858,小野測器,0.15197577064609682,6858,False,1.0,5.158264947245028
C00_PRICE_RIDGE,2026-03-06,1,7067,Ｇ－ブランディング,0.1397908543918232,7067,False,1.0,1.4373716632443578
C00_PRICE_RIDGE,2026-03-06,2,6342,太平製作所,0.13502929005882422,6342,False,1.0,1.8456375838926231
C00_PRICE_RIDGE,2026-03-09,1,1948,弘電社,0.14701718350003917,1948,False,1.0,4.7308319738988525
C00_PRICE_RIDGE,2026-03-09,2,6342,太平製作所,0.1131381656399542,6342,False,1.0,0.20073603211776536
C00_PRICE_RIDGE,2026-03-10,1,3553,共和レザー,0.14005197004653336,3553,False,0.0,-1.688182720953324
C00_PRICE_RIDGE,2026-03-10,2,6342,太平製作所,0.13086271055307028,6342,False,0.0,0.0
C00_PRICE_RIDGE,2026-03-11,1,7501,ティムコ,0.13781569487662754,7501,False,1.0,0.22740193291643784
C00_PRICE_RIDGE,2026-03-11,2,6566,要興業,0.12092641937144087,6566,False,1.0,0.8957133717210519
C00_PRICE_RIDGE,2026-03-12,1,7067,Ｇ－ブランディング,0.14471388685105602,7067,False,1.0,0.61412487205732
C00_PRICE_RIDGE,2026-03-12,2,5204,石塚硝,0.1391696317802031,5204,False,0.0,-3.9835164835164805
C00_PRICE_RIDGE,2026-03-13,1,1948,弘電社,0.15352990229697888,1948,False,1.0,4.272151898734178
C00_PRICE_RIDGE,2026-03-13,2,7501,ティムコ,0.14004487372801086,7501,False,1.0,1.5081206496519783
C00_PRICE_RIDGE,2026-03-16,1,6342,太平製作所,0.12899118645957622,6342,False,0.0,-0.8780817291455634
C00_PRICE_RIDGE,2026-03-16,2,7067,Ｇ－ブランディング,0.12834676698018463,7067,False,1.0,1.538461538461533
C00_PRICE_RIDGE,2026-03-17,1,6342,太平製作所,0.1467197321085223,6342,False,0.0,0.0
C00_PRICE_RIDGE,2026-03-17,2,8914,エリアリンク,0.1356016627784429,8914,False,0.0,-0.32284100080710587
C00_PRICE_RIDGE,2026-03-18,1,5254,Ｇ－Ａｒｅｎｔ,0.13653840488044142,5254,False,1.0,1.6222479721900385
C00_PRICE_RIDGE,2026-03-18,2,6342,太平製作所,0.13638783037159696,6342,False,1.0,0.30633083730429167
C00_PRICE_RIDGE,2026-03-19,1,6566,要興業,0.14127957070086392,6566,False,0.0,-0.7328447701532292
C00_PRICE_RIDGE,2026-03-19,2,7091,Ｇ－ＬＰＦ,0.14123190397976315,7091,False,0.0,-0.7334963325183352
C00_PRICE_RIDGE,2026-03-23,1,9867,ソレキア,0.1712579394621034,9867,False,0.0,-4.073714839961207
C00_PRICE_RIDGE,2026-03-23,2,7955,クリナップ,0.1466173033414317,7955,False,0.0,-1.349948078920038
C00_PRICE_RIDGE,2026-03-24,1,6013,タクマ,0.155105602046599,6013,False,0.0,-0.3270348837209336
C00_PRICE_RIDGE,2026-03-24,2,6566,要興業,0.14315081966933177,6566,False,1.0,0.13793103448276334
C00_PRICE_RIDGE,2026-03-25,1,7091,Ｇ－ＬＰＦ,0.14435993173862868,7091,False,1.0,0.08375209380233617
C00_PRICE_RIDGE,2026-03-25,2,9742,アイネス,0.12781223211378587,9742,False,1.0,6.873032528856249
C00_PRICE_RIDGE,2026-03-26,1,7091,Ｇ－ＬＰＦ,0.14358287923459814,7091,False,0.0,0.0
C00_PRICE_RIDGE,2026-03-26,2,6342,太平製作所,0.14272074241302418,6342,False,1.0,2.2206800832754947
C00_PRICE_RIDGE,2026-03-27,1,7091,Ｇ－ＬＰＦ,0.12947717823829366,7091,False,0.0,-0.33472803347280866
C00_PRICE_RIDGE,2026-03-27,2,7501,ティムコ,0.12515919056888863,7501,False,0.0,-0.5087620124364034
C00_PRICE_RIDGE,2026-03-30,1,6342,太平製作所,0.1514451497802845,6342,False,,
C00_PRICE_RIDGE,2026-03-30,2,7091,Ｇ－ＬＰＦ,0.15128721510139617,7091,False,,
C00_PRICE_RIDGE,2026-03-31,1,,,,,False,,
C00_PRICE_RIDGE,2026-03-31,2,,,,,False,,
LQ01_ACTIVITY_VETO,2025-12-01,1,,,,8139,True,,
LQ01_ACTIVITY_VETO,2025-12-01,2,,,,8127,True,,
LQ01_ACTIVITY_VETO,2025-12-02,1,,,,8127,True,,
LQ01_ACTIVITY_VETO,2025-12-02,2,,,,1866,True,,
LQ01_ACTIVITY_VETO,2025-12-03,1,,,,8127,True,,
LQ01_ACTIVITY_VETO,2025-12-03,2,,,,8132,True,,
LQ01_ACTIVITY_VETO,2025-12-04,1,,,,8127,True,,
LQ01_ACTIVITY_VETO,2025-12-04,2,,,,8132,True,,
LQ01_ACTIVITY_VETO,2025-12-05,1,,,,8127,True,,
LQ01_ACTIVITY_VETO,2025-12-05,2,,,,2004,True,,
LQ01_ACTIVITY_VETO,2025-12-08,1,8278,フジ,0.12615885456347703,8278,False,0.0,-0.2970297029702973
LQ01_ACTIVITY_VETO,2025-12-08,2,9532,大瓦斯,0.12024660782132014,9532,False,1.0,1.676300578034673
LQ01_ACTIVITY_VETO,2025-12-09,1,,,,3712,True,,
LQ01_ACTIVITY_VETO,2025-12-09,2,,,,3261,True,,
LQ01_ACTIVITY_VETO,2025-12-10,1,,,,3261,True,,
LQ01_ACTIVITY_VETO,2025-12-10,2,,,,9636,True,,
LQ01_ACTIVITY_VETO,2025-12-11,1,,,,6038,True,,
LQ01_ACTIVITY_VETO,2025-12-11,2,,,,6757,True,,
LQ01_ACTIVITY_VETO,2025-12-12,1,,,,4937,True,,
LQ01_ACTIVITY_VETO,2025-12-12,2,,,,1921,True,,
LQ01_ACTIVITY_VETO,2025-12-15,1,,,,4172,True,,
LQ01_ACTIVITY_VETO,2025-12-15,2,,,,6038,True,,
LQ01_ACTIVITY_VETO,2025-12-16,1,,,,7084,True,,
LQ01_ACTIVITY_VETO,2025-12-16,2,,,,6038,True,,
LQ01_ACTIVITY_VETO,2025-12-17,1,,,,7084,True,,
LQ01_ACTIVITY_VETO,2025-12-17,2,,,,6894,True,,
LQ01_ACTIVITY_VETO,2025-12-18,1,,,,7084,True,,
LQ01_ACTIVITY_VETO,2025-12-18,2,,,,9331,True,,
LQ01_ACTIVITY_VETO,2025-12-19,1,,,,7084,True,,
LQ01_ACTIVITY_VETO,2025-12-19,2,,,,6038,True,,
LQ01_ACTIVITY_VETO,2025-12-22,1,,,,7084,True,,
LQ01_ACTIVITY_VETO,2025-12-22,2,,,,4972,True,,
LQ01_ACTIVITY_VETO,2025-12-23,1,,,,3261,True,,
LQ01_ACTIVITY_VETO,2025-12-23,2,,,,7084,True,,
LQ01_ACTIVITY_VETO,2025-12-24,1,,,,7084,True,,
LQ01_ACTIVITY_VETO,2025-12-24,2,,,,4464,True,,
LQ01_ACTIVITY_VETO,2025-12-25,1,,,,4464,True,,
LQ01_ACTIVITY_VETO,2025-12-25,2,,,,7084,True,,
LQ01_ACTIVITY_VETO,2025-12-26,1,,,,4464,True,,
LQ01_ACTIVITY_VETO,2025-12-26,2,,,,7084,True,,
LQ01_ACTIVITY_VETO,2025-12-29,1,,,,4464,True,,
LQ01_ACTIVITY_VETO,2025-12-29,2,,,,3469,True,,
LQ01_ACTIVITY_VETO,2025-12-30,1,,,,,False,,
LQ01_ACTIVITY_VETO,2025-12-30,2,,,,,False,,
LQ01_ACTIVITY_VETO,2026-01-05,1,,,,6706,True,,
LQ01_ACTIVITY_VETO,2026-01-05,2,,,,7084,True,,
LQ01_ACTIVITY_VETO,2026-01-06,1,,,,4972,True,,
LQ01_ACTIVITY_VETO,2026-01-06,2,,,,6706,True,,
LQ01_ACTIVITY_VETO,2026-01-07,1,,,,7084,True,,
LQ01_ACTIVITY_VETO,2026-01-07,2,,,,6566,True,,
LQ01_ACTIVITY_VETO,2026-01-08,1,,,,7084,True,,
LQ01_ACTIVITY_VETO,2026-01-08,2,,,,6706,True,,
LQ01_ACTIVITY_VETO,2026-01-09,1,,,,9063,True,,
LQ01_ACTIVITY_VETO,2026-01-09,2,,,,6566,True,,
LQ01_ACTIVITY_VETO,2026-01-13,1,,,,9691,True,,
LQ01_ACTIVITY_VETO,2026-01-13,2,,,,4242,True,,
LQ01_ACTIVITY_VETO,2026-01-14,1,,,,7284,True,,
LQ01_ACTIVITY_VETO,2026-01-14,2,,,,7084,True,,
LQ01_ACTIVITY_VETO,2026-01-15,1,,,,9331,True,,
LQ01_ACTIVITY_VETO,2026-01-15,2,,,,6706,True,,
LQ01_ACTIVITY_VETO,2026-01-16,1,,,,7614,True,,
LQ01_ACTIVITY_VETO,2026-01-16,2,,,,7084,True,,
LQ01_ACTIVITY_VETO,2026-01-19,1,,,,6706,True,,
LQ01_ACTIVITY_VETO,2026-01-19,2,9202,ＡＮＡ,0.1404268963342169,9202,False,1.0,0.8916776750330202
LQ01_ACTIVITY_VETO,2026-01-20,1,,,,6706,True,,
LQ01_ACTIVITY_VETO,2026-01-20,2,,,,6566,True,,
LQ01_ACTIVITY_VETO,2026-01-21,1,,,,6706,True,,
LQ01_ACTIVITY_VETO,2026-01-21,2,,,,8742,True,,
LQ01_ACTIVITY_VETO,2026-01-22,1,,,,6706,True,,
LQ01_ACTIVITY_VETO,2026-01-22,2,,,,9761,True,,
LQ01_ACTIVITY_VETO,2026-01-23,1,,,,6380,True,,
LQ01_ACTIVITY_VETO,2026-01-23,2,,,,3934,True,,
LQ01_ACTIVITY_VETO,2026-01-26,1,,,,6072,True,,
LQ01_ACTIVITY_VETO,2026-01-26,2,,,,6482,True,,
LQ01_ACTIVITY_VETO,2026-01-27,1,,,,7523,True,,
LQ01_ACTIVITY_VETO,2026-01-27,2,,,,6380,True,,
LQ01_ACTIVITY_VETO,2026-01-28,1,9202,ＡＮＡ,0.14213326662874176,9202,False,0.0,-0.7377598926894713
LQ01_ACTIVITY_VETO,2026-01-28,2,,,,9761,True,,
LQ01_ACTIVITY_VETO,2026-01-29,1,,,,3965,True,,
LQ01_ACTIVITY_VETO,2026-01-29,2,7459,メディパル,0.12957030647233297,7459,False,1.0,0.8354522339266257
LQ01_ACTIVITY_VETO,2026-01-30,1,,,,6382,True,,
LQ01_ACTIVITY_VETO,2026-01-30,2,,,,1921,True,,
LQ01_ACTIVITY_VETO,2026-02-02,1,3104,富士紡ＨＤ,0.15195400829190633,3104,False,0.0,-2.346368715083802
LQ01_ACTIVITY_VETO,2026-02-02,2,3659,ネクソン,0.14305442050767803,3659,False,0.0,-3.7569944044764214
LQ01_ACTIVITY_VETO,2026-02-03,1,,,,9331,True,,
LQ01_ACTIVITY_VETO,2026-02-03,2,9075,福山運,0.13484048528774797,9075,False,1.0,2.885682574916748
LQ01_ACTIVITY_VETO,2026-02-04,1,,,,9331,True,,
LQ01_ACTIVITY_VETO,2026-02-04,2,,,,7255,True,,
LQ01_ACTIVITY_VETO,2026-02-05,1,2492,インフォマート,0.15564938341478265,2492,False,0.0,-2.9629629629629672
LQ01_ACTIVITY_VETO,2026-02-05,2,,,,3386,True,,
LQ01_ACTIVITY_VETO,2026-02-06,1,,,,9331,True,,
LQ01_ACTIVITY_VETO,2026-02-06,2,,,,2903,True,,
LQ01_ACTIVITY_VETO,2026-02-09,1,,,,9331,True,,
LQ01_ACTIVITY_VETO,2026-02-09,2,,,,7255,True,,
LQ01_ACTIVITY_VETO,2026-02-10,1,,,,9342,True,,
LQ01_ACTIVITY_VETO,2026-02-10,2,,,,3386,True,,
LQ01_ACTIVITY_VETO,2026-02-12,1,3105,日清紡ＨＤ,0.14453737123001473,3105,False,1.0,3.3986928104575265
LQ01_ACTIVITY_VETO,2026-02-12,2,,,,3386,True,,
LQ01_ACTIVITY_VETO,2026-02-13,1,,,,7255,True,,
LQ01_ACTIVITY_VETO,2026-02-13,2,4530,久光薬,0.14351377258687772,4530,False,0.0,-1.746031746031751
LQ01_ACTIVITY_VETO,2026-02-16,1,,,,7069,True,,
LQ01_ACTIVITY_VETO,2026-02-16,2,1815,鉄建建設,0.1515931569572621,1815,False,1.0,1.3918629550321304
LQ01_ACTIVITY_VETO,2026-02-17,1,,,,7084,True,,
LQ01_ACTIVITY_VETO,2026-02-17,2,,,,7069,True,,
LQ01_ACTIVITY_VETO,2026-02-18,1,,,,3490,True,,
LQ01_ACTIVITY_VETO,2026-02-18,2,,,,3892,True,,
LQ01_ACTIVITY_VETO,2026-02-19,1,,,,7091,True,,
LQ01_ACTIVITY_VETO,2026-02-19,2,,,,7067,True,,
LQ01_ACTIVITY_VETO,2026-02-20,1,,,,3892,True,,
LQ01_ACTIVITY_VETO,2026-02-20,2,,,,7067,True,,
LQ01_ACTIVITY_VETO,2026-02-24,1,,,,7065,True,,
LQ01_ACTIVITY_VETO,2026-02-24,2,4530,久光薬,0.14272672740382428,4530,False,0.0,-0.016583747927034764
LQ01_ACTIVITY_VETO,2026-02-25,1,,,,1381,True,,
LQ01_ACTIVITY_VETO,2026-02-25,2,,,,7501,True,,
LQ01_ACTIVITY_VETO,2026-02-26,1,,,,7067,True,,
LQ01_ACTIVITY_VETO,2026-02-26,2,,,,7501,True,,
LQ01_ACTIVITY_VETO,2026-02-27,1,,,,4387,True,,
LQ01_ACTIVITY_VETO,2026-02-27,2,,,,8742,True,,
LQ01_ACTIVITY_VETO,2026-03-02,1,,,,6342,True,,
LQ01_ACTIVITY_VETO,2026-03-02,2,,,,7501,True,,
LQ01_ACTIVITY_VETO,2026-03-03,1,,,,7501,True,,
LQ01_ACTIVITY_VETO,2026-03-03,2,9202,ＡＮＡ,0.12951183602198163,9202,False,0.0,-2.412280701754388
LQ01_ACTIVITY_VETO,2026-03-04,1,,,,3892,True,,
LQ01_ACTIVITY_VETO,2026-03-04,2,,,,1948,True,,
LQ01_ACTIVITY_VETO,2026-03-05,1,6137,小池酸工,0.1598254452040049,6137,False,0.0,-2.052655064703257
LQ01_ACTIVITY_VETO,2026-03-05,2,,,,6858,True,,
LQ01_ACTIVITY_VETO,2026-03-06,1,,,,7067,True,,
LQ01_ACTIVITY_VETO,2026-03-06,2,,,,6342,True,,
LQ01_ACTIVITY_VETO,2026-03-09,1,,,,1948,True,,
LQ01_ACTIVITY_VETO,2026-03-09,2,,,,6342,True,,
LQ01_ACTIVITY_VETO,2026-03-10,1,,,,3553,True,,
LQ01_ACTIVITY_VETO,2026-03-10,2,,,,6342,True,,
LQ01_ACTIVITY_VETO,2026-03-11,1,,,,7501,True,,
LQ01_ACTIVITY_VETO,2026-03-11,2,,,,6566,True,,
LQ01_ACTIVITY_VETO,2026-03-12,1,,,,7067,True,,
LQ01_ACTIVITY_VETO,2026-03-12,2,,,,5204,True,,
LQ01_ACTIVITY_VETO,2026-03-13,1,,,,1948,True,,
LQ01_ACTIVITY_VETO,2026-03-13,2,,,,7501,True,,
LQ01_ACTIVITY_VETO,2026-03-16,1,,,,6342,True,,
LQ01_ACTIVITY_VETO,2026-03-16,2,,,,7067,True,,
LQ01_ACTIVITY_VETO,2026-03-17,1,,,,6342,True,,
LQ01_ACTIVITY_VETO,2026-03-17,2,8914,エリアリンク,0.1356016627784429,8914,False,0.0,-0.32284100080710587
LQ01_ACTIVITY_VETO,2026-03-18,1,5254,Ｇ－Ａｒｅｎｔ,0.13653840488044142,5254,False,1.0,1.6222479721900385
LQ01_ACTIVITY_VETO,2026-03-18,2,,,,6342,True,,
LQ01_ACTIVITY_VETO,2026-03-19,1,,,,6566,True,,
LQ01_ACTIVITY_VETO,2026-03-19,2,,,,7091,True,,
LQ01_ACTIVITY_VETO,2026-03-23,1,,,,9867,True,,
LQ01_ACTIVITY_VETO,2026-03-23,2,,,,7955,True,,
LQ01_ACTIVITY_VETO,2026-03-24,1,6013,タクマ,0.155105602046599,6013,False,0.0,-0.3270348837209336
LQ01_ACTIVITY_VETO,2026-03-24,2,,,,6566,True,,
LQ01_ACTIVITY_VETO,2026-03-25,1,,,,7091,True,,
LQ01_ACTIVITY_VETO,2026-03-25,2,9742,アイネス,0.12781223211378587,9742,False,1.0,6.873032528856249
LQ01_ACTIVITY_VETO,2026-03-26,1,,,,7091,True,,
LQ01_ACTIVITY_VETO,2026-03-26,2,,,,6342,True,,
LQ01_ACTIVITY_VETO,2026-03-27,1,,,,7091,True,,
LQ01_ACTIVITY_VETO,2026-03-27,2,,,,7501,True,,
LQ01_ACTIVITY_VETO,2026-03-30,1,,,,6342,True,,
LQ01_ACTIVITY_VETO,2026-03-30,2,,,,7091,True,,
LQ01_ACTIVITY_VETO,2026-03-31,1,,,,,False,,
LQ01_ACTIVITY_VETO,2026-03-31,2,,,,,False,,
LQ02_EXACT_LIQUIDITY_RIDGE,2025-12-01,1,8139,ナガホリ,0.1383796901390153,8139,False,0.0,-0.22321428571429047
LQ02_EXACT_LIQUIDITY_RIDGE,2025-12-01,2,3543,コメダ,0.13451396583075378,3543,False,1.0,0.16366612111293755
LQ02_EXACT_LIQUIDITY_RIDGE,2025-12-02,1,6750,エレコム,0.13240457714493545,6750,False,0.0,-0.11337868480725266
LQ02_EXACT_LIQUIDITY_RIDGE,2025-12-02,2,4229,群栄化,0.1289947313616247,4229,False,0.0,-0.14084507042253502
LQ02_EXACT_LIQUIDITY_RIDGE,2025-12-03,1,8132,シナネンＨＤ,0.12523114433258006,8132,False,0.0,-1.8808777429467072
LQ02_EXACT_LIQUIDITY_RIDGE,2025-12-03,2,1941,中電工,0.12158137492253267,1941,False,1.0,0.23041474654377225
LQ02_EXACT_LIQUIDITY_RIDGE,2025-12-04,1,8132,シナネンＨＤ,0.13533488009392725,8132,False,1.0,0.789889415481837
LQ02_EXACT_LIQUIDITY_RIDGE,2025-12-04,2,8127,ヤマトインター,0.13173673274182252,8127,False,0.0,-5.44090056285178
LQ02_EXACT_LIQUIDITY_RIDGE,2025-12-05,1,9075,福山運,0.12010167950991431,9075,False,0.0,-0.7407407407407418
LQ02_EXACT_LIQUIDITY_RIDGE,2025-12-05,2,9532,大瓦斯,0.11801872923131368,9532,False,0.0,-2.858217374952987
LQ02_EXACT_LIQUIDITY_RIDGE,2025-12-08,1,9532,大瓦斯,0.12603170900500404,9532,False,1.0,1.676300578034673
LQ02_EXACT_LIQUIDITY_RIDGE,2025-12-08,2,4528,小野薬,0.12424291951825892,4528,False,1.0,0.35494557501183355
LQ02_EXACT_LIQUIDITY_RIDGE,2025-12-09,1,6566,要興業,0.13628751915690052,6566,False,1.0,0.3479471120389599
LQ02_EXACT_LIQUIDITY_RIDGE,2025-12-09,2,3261,Ｇ－グラン,0.1328172829389123,3261,False,0.0,-2.3668639053254448
LQ02_EXACT_LIQUIDITY_RIDGE,2025-12-10,1,3261,Ｇ－グラン,0.13757910087588135,3261,False,1.0,0.865051903114189
LQ02_EXACT_LIQUIDITY_RIDGE,2025-12-10,2,9636,きんえい,0.12323816750807504,9636,False,0.0,-0.363636363636366
LQ02_EXACT_LIQUIDITY_RIDGE,2025-12-11,1,4324,電通グループ,0.11537791345531556,4324,False,0.0,-3.074626865671637
LQ02_EXACT_LIQUIDITY_RIDGE,2025-12-11,2,3490,アズ企画設計,0.11490013182121386,3490,False,0.0,-0.10366275051831852
LQ02_EXACT_LIQUIDITY_RIDGE,2025-12-12,1,4937,Ｇ－Ｗａｑｏｏ,0.11852837925677276,4937,False,0.0,-8.835078534031416
LQ02_EXACT_LIQUIDITY_RIDGE,2025-12-12,2,9702,アイエスビー,0.1049338047406502,9702,False,1.0,0.7215874924834553
LQ02_EXACT_LIQUIDITY_RIDGE,2025-12-15,1,6406,フジテック,0.11863081154185495,6406,False,0.0,-0.19414048711613452
LQ02_EXACT_LIQUIDITY_RIDGE,2025-12-15,2,1383,ベルグアース,0.11563343482434366,1383,False,0.0,-0.16556291390728006
LQ02_EXACT_LIQUIDITY_RIDGE,2025-12-16,1,6406,フジテック,0.12983845818541193,6406,False,1.0,0.35360678925036026
LQ02_EXACT_LIQUIDITY_RIDGE,2025-12-16,2,7084,Ｇ－ＳｍｉｌｅＨＤ,0.12131007271255537,7084,False,1.0,0.13518080432579627
LQ02_EXACT_LIQUIDITY_RIDGE,2025-12-17,1,6894,パルステック,0.11304907627419758,6894,False,0.0,-2.5931164545025975
LQ02_EXACT_LIQUIDITY_RIDGE,2025-12-17,2,4972,綜研化学,0.10412125715846021,4972,False,1.0,0.11551790527530859
LQ02_EXACT_LIQUIDITY_RIDGE,2025-12-18,1,7084,Ｇ－ＳｍｉｌｅＨＤ,0.13427971327873603,7084,False,1.0,0.5492619292825296
LQ02_EXACT_LIQUIDITY_RIDGE,2025-12-18,2,4972,綜研化学,0.12919638972988054,4972,False,1.0,0.5409582689335446
LQ02_EXACT_LIQUIDITY_RIDGE,2025-12-19,1,4972,綜研化学,0.14906151152389963,4972,False,1.0,0.536193029490617
LQ02_EXACT_LIQUIDITY_RIDGE,2025-12-19,2,2903,シノブフーズ,0.12626486417289348,2903,False,1.0,0.6493506493506551
LQ02_EXACT_LIQUIDITY_RIDGE,2025-12-22,1,7084,Ｇ－ＳｍｉｌｅＨＤ,0.13594798026685578,7084,False,0.0,-1.1844331641285955
LQ02_EXACT_LIQUIDITY_RIDGE,2025-12-22,2,4464,ソフト９９,0.13061590671005152,4464,False,1.0,0.24906600249066102
LQ02_EXACT_LIQUIDITY_RIDGE,2025-12-23,1,7984,コクヨ,0.11986079433739036,7984,False,0.0,-0.8296037550485802
LQ02_EXACT_LIQUIDITY_RIDGE,2025-12-23,2,7148,ＦＰＧ,0.11629290686991822,7148,False,1.0,4.414361389052379
LQ02_EXACT_LIQUIDITY_RIDGE,2025-12-24,1,7084,Ｇ－ＳｍｉｌｅＨＤ,0.14493835140218214,7084,False,1.0,0.6920415224913601
LQ02_EXACT_LIQUIDITY_RIDGE,2025-12-24,2,6971,京セラ,0.1379020571064682,6971,False,0.0,-1.156724880925375
LQ02_EXACT_LIQUIDITY_RIDGE,2025-12-25,1,4972,綜研化学,0.15682740205917334,4972,False,1.0,0.23032629558541462
LQ02_EXACT_LIQUIDITY_RIDGE,2025-12-25,2,7614,オーエムツー,0.1293297897319865,7614,False,0.0,0.0
LQ02_EXACT_LIQUIDITY_RIDGE,2025-12-26,1,4464,ソフト９９,0.1565896124220985,4464,False,0.0,-0.24906600249066102
LQ02_EXACT_LIQUIDITY_RIDGE,2025-12-26,2,6706,電気興,0.15484834745734022,6706,False,1.0,0.6864988558352492
LQ02_EXACT_LIQUIDITY_RIDGE,2025-12-29,1,4464,ソフト９９,0.1301691105242677,4464,False,0.0,0.0
LQ02_EXACT_LIQUIDITY_RIDGE,2025-12-29,2,3469,デュアルタップ,0.13008055137583502,3469,False,,
LQ02_EXACT_LIQUIDITY_RIDGE,2025-12-30,1,,,,,False,,
LQ02_EXACT_LIQUIDITY_RIDGE,2025-12-30,2,,,,,False,,
LQ02_EXACT_LIQUIDITY_RIDGE,2026-01-05,1,4972,綜研化学,0.1601188624600785,4972,False,0.0,-1.4020462296324365
LQ02_EXACT_LIQUIDITY_RIDGE,2026-01-05,2,6706,電気興,0.15143867315926887,6706,False,1.0,1.144601297214809
LQ02_EXACT_LIQUIDITY_RIDGE,2026-01-06,1,4972,綜研化学,0.16684454924272146,4972,False,0.0,-0.1521491061239999
LQ02_EXACT_LIQUIDITY_RIDGE,2026-01-06,2,6706,電気興,0.13426652978653675,6706,False,1.0,1.174242424242422
LQ02_EXACT_LIQUIDITY_RIDGE,2026-01-07,1,4972,綜研化学,0.13788515965389775,4972,False,1.0,5.204745503252961
LQ02_EXACT_LIQUIDITY_RIDGE,2026-01-07,2,6706,電気興,0.12831570591152808,6706,False,1.0,1.1733535200605605
LQ02_EXACT_LIQUIDITY_RIDGE,2026-01-08,1,6706,電気興,0.1514190378698202,6706,False,1.0,0.4487658937920802
LQ02_EXACT_LIQUIDITY_RIDGE,2026-01-08,2,8160,木曽路,0.13434116442048544,8160,False,1.0,0.5156683855612743
LQ02_EXACT_LIQUIDITY_RIDGE,2026-01-09,1,8278,フジ,0.13552704683671876,8278,False,0.0,-5.502063273727654
LQ02_EXACT_LIQUIDITY_RIDGE,2026-01-09,2,6706,電気興,0.13075254713968879,6706,False,1.0,1.6510318949343405
LQ02_EXACT_LIQUIDITY_RIDGE,2026-01-13,1,4972,綜研化学,0.1374795065599352,4972,False,0.0,-1.1276827937431788
LQ02_EXACT_LIQUIDITY_RIDGE,2026-01-13,2,9064,ヤマトＨＤ,0.1350902866125889,9064,False,0.0,-0.11770244821092124
LQ02_EXACT_LIQUIDITY_RIDGE,2026-01-14,1,7084,Ｇ－ＳｍｉｌｅＨＤ,0.14042606158804702,7084,False,1.0,0.9291121816930481
LQ02_EXACT_LIQUIDITY_RIDGE,2026-01-14,2,5571,エキサイトＨＤ,0.13258215848045568,5571,False,0.0,-0.8090614886731351
LQ02_EXACT_LIQUIDITY_RIDGE,2026-01-15,1,6706,電気興,0.15390918160250971,6706,False,1.0,0.6661732050333047
LQ02_EXACT_LIQUIDITY_RIDGE,2026-01-15,2,7916,光村印,0.13856958114174747,7916,False,1.0,0.2525252525252597
LQ02_EXACT_LIQUIDITY_RIDGE,2026-01-16,1,4972,綜研化学,0.1479714084363537,4972,False,1.0,4.255319148936176
LQ02_EXACT_LIQUIDITY_RIDGE,2026-01-16,2,7084,Ｇ－ＳｍｉｌｅＨＤ,0.14684388168769585,7084,False,1.0,3.0949105914718
LQ02_EXACT_LIQUIDITY_RIDGE,2026-01-19,1,6706,電気興,0.15335072687479528,6706,False,0.0,-0.6642066420664228
LQ02_EXACT_LIQUIDITY_RIDGE,2026-01-19,2,9202,ＡＮＡ,0.15152049769158346,9202,False,1.0,0.8916776750330202
LQ02_EXACT_LIQUIDITY_RIDGE,2026-01-20,1,6706,電気興,0.16664566985620954,6706,False,1.0,0.5237560793116325
LQ02_EXACT_LIQUIDITY_RIDGE,2026-01-20,2,9661,歌舞伎,0.14201954206936102,9661,False,1.0,0.42598509052182987
LQ02_EXACT_LIQUIDITY_RIDGE,2026-01-21,1,6706,電気興,0.14358025728299917,6706,False,0.0,-0.4838109415705283
LQ02_EXACT_LIQUIDITY_RIDGE,2026-01-21,2,7058,共栄セキュリティ,0.13032455338479818,7058,False,,
LQ02_EXACT_LIQUIDITY_RIDGE,2026-01-22,1,6706,電気興,0.16874773312058222,6706,False,1.0,2.6168224299065512
LQ02_EXACT_LIQUIDITY_RIDGE,2026-01-22,2,7942,ＪＳＰ,0.1449748761363192,7942,False,1.0,2.400000000000002
LQ02_EXACT_LIQUIDITY_RIDGE,2026-01-23,1,6380,オリチエン工業,0.13331230368869323,6380,False,1.0,5.397727272727271
LQ02_EXACT_LIQUIDITY_RIDGE,2026-01-23,2,3934,ベネフィットジャパン,0.1310979426109544,3934,False,1.0,2.5945945945945903
LQ02_EXACT_LIQUIDITY_RIDGE,2026-01-26,1,6482,ＹＵＳＨＩＮ,0.13222382947931247,6482,False,1.0,0.8152173913043459
LQ02_EXACT_LIQUIDITY_RIDGE,2026-01-26,2,1720,東急建設,0.12995394308484015,1720,False,0.0,-1.5636634400595706
LQ02_EXACT_LIQUIDITY_RIDGE,2026-01-27,1,7523,アールビバン,0.1390184220666953,7523,False,0.0,-0.17857142857142794
LQ02_EXACT_LIQUIDITY_RIDGE,2026-01-27,2,6379,レイズネクスト,0.12807348644914773,6379,False,1.0,1.8466479325571994
LQ02_EXACT_LIQUIDITY_RIDGE,2026-01-28,1,9202,ＡＮＡ,0.14744823549689345,9202,False,0.0,-0.7377598926894713
LQ02_EXACT_LIQUIDITY_RIDGE,2026-01-28,2,7523,アールビバン,0.12820635106324957,7523,False,0.0,-0.35842293906810374
LQ02_EXACT_LIQUIDITY_RIDGE,2026-01-29,1,9075,福山運,0.13342035166105398,9075,False,1.0,0.7717750826901959
LQ02_EXACT_LIQUIDITY_RIDGE,2026-01-29,2,7459,メディパル,0.13278371922405705,7459,False,1.0,0.8354522339266257
LQ02_EXACT_LIQUIDITY_RIDGE,2026-01-30,1,7942,ＪＳＰ,0.13573211466433235,7942,False,0.0,-0.48999591670069176
LQ02_EXACT_LIQUIDITY_RIDGE,2026-01-30,2,6382,トリニ工,0.13009557683439885,6382,False,1.0,0.846153846153852
LQ02_EXACT_LIQUIDITY_RIDGE,2026-02-02,1,1944,きんでん,0.14830748317809453,1944,False,0.0,-4.945683247570043
LQ02_EXACT_LIQUIDITY_RIDGE,2026-02-02,2,1871,ピーエス,0.14247712828245834,1871,False,0.0,-0.9756097560975618
LQ02_EXACT_LIQUIDITY_RIDGE,2026-02-03,1,1871,ピーエス,0.12914190195433242,1871,False,1.0,1.9354838709677358
LQ02_EXACT_LIQUIDITY_RIDGE,2026-02-03,2,5110,住友ゴム,0.12692688694349272,5110,False,1.0,0.6360564500099475
LQ02_EXACT_LIQUIDITY_RIDGE,2026-02-04,1,9331,Ｇ－キャスター,0.12574879578963352,9331,False,0.0,-0.25380710659898
LQ02_EXACT_LIQUIDITY_RIDGE,2026-02-04,2,2004,昭和産,0.12409644250996375,2004,False,0.0,0.0
LQ02_EXACT_LIQUIDITY_RIDGE,2026-02-05,1,3386,コスモ・バイオ,0.14309212780279373,3386,False,1.0,0.3843197540353671
LQ02_EXACT_LIQUIDITY_RIDGE,2026-02-05,2,9468,ＫＡＤＯＫＡＷＡ,0.13719490176186455,9468,False,1.0,0.3144654088050425
LQ02_EXACT_LIQUIDITY_RIDGE,2026-02-06,1,9331,Ｇ－キャスター,0.1333005358058816,9331,False,0.0,-3.7275064267352165
LQ02_EXACT_LIQUIDITY_RIDGE,2026-02-06,2,2903,シノブフーズ,0.1325414899644769,2903,False,0.0,-0.2577319587628857
LQ02_EXACT_LIQUIDITY_RIDGE,2026-02-09,1,4917,マンダム,0.12319041977365429,4917,False,1.0,0.15847860538826808
LQ02_EXACT_LIQUIDITY_RIDGE,2026-02-09,2,3386,コスモ・バイオ,0.12093838417060067,3386,False,0.0,-1.2121212121212088
LQ02_EXACT_LIQUIDITY_RIDGE,2026-02-10,1,3386,コスモ・バイオ,0.13798961861640743,3386,False,1.0,0.6125574272588086
LQ02_EXACT_LIQUIDITY_RIDGE,2026-02-10,2,9342,Ｇ－スマサポ,0.12478191757792885,9342,False,0.0,-0.6140350877193002
LQ02_EXACT_LIQUIDITY_RIDGE,2026-02-12,1,6963,ローム,0.1321217637045248,6963,False,1.0,0.15521924718664426
LQ02_EXACT_LIQUIDITY_RIDGE,2026-02-12,2,3386,コスモ・バイオ,0.12934405540119592,3386,False,1.0,1.7358490566037776
LQ02_EXACT_LIQUIDITY_RIDGE,2026-02-13,1,4530,久光薬,0.1515878314819157,4530,False,0.0,-1.746031746031751
LQ02_EXACT_LIQUIDITY_RIDGE,2026-02-13,2,6963,ローム,0.14895073131273556,6963,False,0.0,-1.5748031496062964
LQ02_EXACT_LIQUIDITY_RIDGE,2026-02-16,1,4530,久光薬,0.13594225222296702,4530,False,1.0,0.32414910858995505
LQ02_EXACT_LIQUIDITY_RIDGE,2026-02-16,2,7069,Ｇ－サイバー・バズ,0.1325342323850198,7069,False,0.0,-5.152224824355967
LQ02_EXACT_LIQUIDITY_RIDGE,2026-02-17,1,7084,Ｇ－ＳｍｉｌｅＨＤ,0.14516275172788834,7084,False,0.0,-1.7322834645669305
LQ02_EXACT_LIQUIDITY_RIDGE,2026-02-17,2,6963,ローム,0.13245825456000326,6963,False,1.0,1.6945692119232358
LQ02_EXACT_LIQUIDITY_RIDGE,2026-02-18,1,4528,小野薬,0.12026742099166321,4528,False,1.0,0.9053335957488695
LQ02_EXACT_LIQUIDITY_RIDGE,2026-02-18,2,8358,スルガ銀,0.11850491992430663,8358,False,1.0,0.5263157894736858
LQ02_EXACT_LIQUIDITY_RIDGE,2026-02-19,1,7067,Ｇ－ブランディング,0.11301187410617629,7067,False,1.0,0.8064516129032251
LQ02_EXACT_LIQUIDITY_RIDGE,2026-02-19,2,1808,長谷工,0.11073231190104006,1808,False,1.0,1.3741411617739008
LQ02_EXACT_LIQUIDITY_RIDGE,2026-02-20,1,4530,久光薬,0.12246200547395804,4530,False,0.0,-1.8551668022782741
LQ02_EXACT_LIQUIDITY_RIDGE,2026-02-20,2,6707,サンケン電,0.11074184662804576,6707,False,0.0,-1.708860759493669
LQ02_EXACT_LIQUIDITY_RIDGE,2026-02-24,1,6707,サンケン電,0.11765614874720524,6707,False,0.0,-3.8624406518670606
LQ02_EXACT_LIQUIDITY_RIDGE,2026-02-24,2,9042,阪急阪神,0.1172383068197284,9042,False,0.0,-1.17647058823529
LQ02_EXACT_LIQUIDITY_RIDGE,2026-02-25,1,1381,アクシーズ,0.13047089587009686,1381,False,1.0,0.3754693366708306
LQ02_EXACT_LIQUIDITY_RIDGE,2026-02-25,2,6707,サンケン電,0.11957862376251212,6707,False,1.0,2.3350923482849506
LQ02_EXACT_LIQUIDITY_RIDGE,2026-02-26,1,1381,アクシーズ,0.11468213271726126,1381,False,0.0,-0.8717310087173136
LQ02_EXACT_LIQUIDITY_RIDGE,2026-02-26,2,8304,あおぞら,0.11379060499321177,8304,False,1.0,0.018115942028984477
LQ02_EXACT_LIQUIDITY_RIDGE,2026-02-27,1,8742,小林洋行,0.12251414093239328,8742,False,1.0,6.490872210953347
LQ02_EXACT_LIQUIDITY_RIDGE,2026-02-27,2,9202,ＡＮＡ,0.11697067657246411,9202,False,1.0,0.11768167107972793
LQ02_EXACT_LIQUIDITY_RIDGE,2026-03-02,1,6342,太平製作所,0.1335918439531131,6342,False,1.0,0.4739336492890933
LQ02_EXACT_LIQUIDITY_RIDGE,2026-03-02,2,9202,ＡＮＡ,0.12931342265573814,9202,False,0.0,-0.8923076923076922
LQ02_EXACT_LIQUIDITY_RIDGE,2026-03-03,1,7501,ティムコ,0.13719322738333262,7501,False,1.0,8.060747663551403
LQ02_EXACT_LIQUIDITY_RIDGE,2026-03-03,2,9202,ＡＮＡ,0.13056266038028294,9202,False,0.0,-2.412280701754388
LQ02_EXACT_LIQUIDITY_RIDGE,2026-03-04,1,1948,弘電社,0.16379719289235004,1948,False,1.0,1.7187499999999911
LQ02_EXACT_LIQUIDITY_RIDGE,2026-03-04,2,3892,岡山製紙,0.13516904630026796,3892,False,0.0,-3.347969264544459
LQ02_EXACT_LIQUIDITY_RIDGE,2026-03-05,1,6137,小池酸工,0.14774614248998474,6137,False,0.0,-2.052655064703257
LQ02_EXACT_LIQUIDITY_RIDGE,2026-03-05,2,6925,ウシオ電,0.13717660365053325,6925,False,0.0,-0.9781167108753319
LQ02_EXACT_LIQUIDITY_RIDGE,2026-03-06,1,9202,ＡＮＡ,0.13684514791902974,9202,False,1.0,1.0575016523463265
LQ02_EXACT_LIQUIDITY_RIDGE,2026-03-06,2,2269,明治ＨＤ,0.1302899925054544,2269,False,1.0,1.5789473684210575
LQ02_EXACT_LIQUIDITY_RIDGE,2026-03-09,1,7501,ティムコ,0.11332748454056617,7501,False,1.0,1.2138728323699333
LQ02_EXACT_LIQUIDITY_RIDGE,2026-03-09,2,9202,ＡＮＡ,0.11168635640584337,9202,False,1.0,3.7815126050420256
LQ02_EXACT_LIQUIDITY_RIDGE,2026-03-10,1,4966,上村工業,0.14078170532349768,4966,False,0.0,-0.14430014430014682
LQ02_EXACT_LIQUIDITY_RIDGE,2026-03-10,2,3401,帝人,0.13737042598438268,3401,False,1.0,0.031786395422761515
LQ02_EXACT_LIQUIDITY_RIDGE,2026-03-11,1,1948,弘電社,0.1330724908259911,1948,False,1.0,0.6144393241167334
LQ02_EXACT_LIQUIDITY_RIDGE,2026-03-11,2,4559,ゼリア新薬,0.12561904954689168,4559,False,1.0,0.09021199819576609
LQ02_EXACT_LIQUIDITY_RIDGE,2026-03-12,1,1948,弘電社,0.14227822042464883,1948,False,0.0,-0.46511627906976605
LQ02_EXACT_LIQUIDITY_RIDGE,2026-03-12,2,9065,山九,0.1366566101568383,9065,False,0.0,-1.7084775086505188
LQ02_EXACT_LIQUIDITY_RIDGE,2026-03-13,1,7327,第四北越ＦＧ,0.12636381134288194,7327,False,1.0,3.0303030303030276
LQ02_EXACT_LIQUIDITY_RIDGE,2026-03-13,2,6342,太平製作所,0.12485097111548207,6342,False,0.0,-0.6709158000670956
LQ02_EXACT_LIQUIDITY_RIDGE,2026-03-16,1,6342,太平製作所,0.1251973400669333,6342,False,0.0,-0.8780817291455634
LQ02_EXACT_LIQUIDITY_RIDGE,2026-03-16,2,8914,エリアリンク,0.1240640278570334,8914,False,0.0,-3.223270440251569
LQ02_EXACT_LIQUIDITY_RIDGE,2026-03-17,1,6342,太平製作所,0.13152244138482716,6342,False,0.0,0.0
LQ02_EXACT_LIQUIDITY_RIDGE,2026-03-17,2,6326,クボタ,0.12429190269789113,6326,False,0.0,-1.0526315789473717
LQ02_EXACT_LIQUIDITY_RIDGE,2026-03-18,1,5254,Ｇ－Ａｒｅｎｔ,0.12946900286869326,5254,False,1.0,1.6222479721900385
LQ02_EXACT_LIQUIDITY_RIDGE,2026-03-18,2,1948,弘電社,0.12282829946107542,1948,False,1.0,0.30674846625766694
LQ02_EXACT_LIQUIDITY_RIDGE,2026-03-19,1,6342,太平製作所,0.1413978756708056,6342,False,0.0,-0.27247956403270157
LQ02_EXACT_LIQUIDITY_RIDGE,2026-03-19,2,7091,Ｇ－ＬＰＦ,0.1345868205644584,7091,False,0.0,-0.7334963325183352
LQ02_EXACT_LIQUIDITY_RIDGE,2026-03-23,1,9867,ソレキア,0.13888904294258447,9867,False,0.0,-4.073714839961207
LQ02_EXACT_LIQUIDITY_RIDGE,2026-03-23,2,6250,やまびこ,0.13030359126431926,6250,False,0.0,-1.736613603473225
LQ02_EXACT_LIQUIDITY_RIDGE,2026-03-24,1,6013,タクマ,0.15604527524981282,6013,False,0.0,-0.3270348837209336
LQ02_EXACT_LIQUIDITY_RIDGE,2026-03-24,2,6197,ソラスト,0.13981611703463057,6197,False,1.0,0.3154574132492094
LQ02_EXACT_LIQUIDITY_RIDGE,2026-03-25,1,1948,弘電社,0.136589155948514,1948,False,1.0,2.314814814814814
LQ02_EXACT_LIQUIDITY_RIDGE,2026-03-25,2,4063,信越化,0.12810728780529382,4063,False,0.0,-0.8350401764613213
LQ02_EXACT_LIQUIDITY_RIDGE,2026-03-26,1,7091,Ｇ－ＬＰＦ,0.14203557136305792,7091,False,0.0,0.0
LQ02_EXACT_LIQUIDITY_RIDGE,2026-03-26,2,2269,明治ＨＤ,0.12705202919465772,2269,False,0.0,-0.7101191985797617
LQ02_EXACT_LIQUIDITY_RIDGE,2026-03-27,1,7091,Ｇ－ＬＰＦ,0.1193062412174238,7091,False,0.0,-0.33472803347280866
LQ02_EXACT_LIQUIDITY_RIDGE,2026-03-27,2,7501,ティムコ,0.11813007991549096,7501,False,0.0,-0.5087620124364034
LQ02_EXACT_LIQUIDITY_RIDGE,2026-03-30,1,7091,Ｇ－ＬＰＦ,0.1518073948994721,7091,False,,
LQ02_EXACT_LIQUIDITY_RIDGE,2026-03-30,2,7501,ティムコ,0.13940279014867707,7501,False,1.0,2.9651162790697683
LQ02_EXACT_LIQUIDITY_RIDGE,2026-03-31,1,,,,,False,,
LQ02_EXACT_LIQUIDITY_RIDGE,2026-03-31,2,,,,,False,,
LQ03_VWAP_FLOW_REVERSAL,2025-12-01,1,,,,4179,True,,
LQ03_VWAP_FLOW_REVERSAL,2025-12-01,2,,,,5580,True,,
LQ03_VWAP_FLOW_REVERSAL,2025-12-02,1,,,,6158,True,,
LQ03_VWAP_FLOW_REVERSAL,2025-12-02,2,,,,3695,True,,
LQ03_VWAP_FLOW_REVERSAL,2025-12-03,1,,,,4777,True,,
LQ03_VWAP_FLOW_REVERSAL,2025-12-03,2,,,,4882,True,,
LQ03_VWAP_FLOW_REVERSAL,2025-12-04,1,,,,6666,True,,
LQ03_VWAP_FLOW_REVERSAL,2025-12-04,2,5214,日電硝,0.9867911603415085,5214,False,0.0,-1.080657791699291
LQ03_VWAP_FLOW_REVERSAL,2025-12-05,1,,,,4406,True,,
LQ03_VWAP_FLOW_REVERSAL,2025-12-05,2,,,,7719,True,,
LQ03_VWAP_FLOW_REVERSAL,2025-12-08,1,,,,7265,True,,
LQ03_VWAP_FLOW_REVERSAL,2025-12-08,2,,,,7719,True,,
LQ03_VWAP_FLOW_REVERSAL,2025-12-09,1,,,,3750,True,,
LQ03_VWAP_FLOW_REVERSAL,2025-12-09,2,4516,日本新薬,0.9909600838948343,4516,False,1.0,3.602028326630524
LQ03_VWAP_FLOW_REVERSAL,2025-12-10,1,3475,グッドコムアセット,0.9845156912233719,3475,False,1.0,1.0443864229765065
LQ03_VWAP_FLOW_REVERSAL,2025-12-10,2,,,,4707,True,,
LQ03_VWAP_FLOW_REVERSAL,2025-12-11,1,,,,4192,True,,
LQ03_VWAP_FLOW_REVERSAL,2025-12-11,2,,,,2983,True,,
LQ03_VWAP_FLOW_REVERSAL,2025-12-12,1,,,,7726,True,,
LQ03_VWAP_FLOW_REVERSAL,2025-12-12,2,,,,3985,True,,
LQ03_VWAP_FLOW_REVERSAL,2025-12-15,1,,,,8209,True,,
LQ03_VWAP_FLOW_REVERSAL,2025-12-15,2,,,,7426,True,,
LQ03_VWAP_FLOW_REVERSAL,2025-12-16,1,,,,5591,True,,
LQ03_VWAP_FLOW_REVERSAL,2025-12-16,2,,,,2489,True,,
LQ03_VWAP_FLOW_REVERSAL,2025-12-17,1,,,,4438,True,,
LQ03_VWAP_FLOW_REVERSAL,2025-12-17,2,,,,7859,True,,
LQ03_VWAP_FLOW_REVERSAL,2025-12-18,1,,,,6166,True,,
LQ03_VWAP_FLOW_REVERSAL,2025-12-18,2,,,,386A,True,,
LQ03_VWAP_FLOW_REVERSAL,2025-12-19,1,,,,9563,True,,
LQ03_VWAP_FLOW_REVERSAL,2025-12-19,2,,,,5337,True,,
LQ03_VWAP_FLOW_REVERSAL,2025-12-22,1,,,,7359,True,,
LQ03_VWAP_FLOW_REVERSAL,2025-12-22,2,,,,175A,True,,
LQ03_VWAP_FLOW_REVERSAL,2025-12-23,1,,,,7363,True,,
LQ03_VWAP_FLOW_REVERSAL,2025-12-23,2,,,,3988,True,,
LQ03_VWAP_FLOW_REVERSAL,2025-12-24,1,,,,4372,True,,
LQ03_VWAP_FLOW_REVERSAL,2025-12-24,2,,,,4334,True,,
LQ03_VWAP_FLOW_REVERSAL,2025-12-25,1,,,,7042,True,,
LQ03_VWAP_FLOW_REVERSAL,2025-12-25,2,,,,4014,True,,
LQ03_VWAP_FLOW_REVERSAL,2025-12-26,1,,,,4960,True,,
LQ03_VWAP_FLOW_REVERSAL,2025-12-26,2,,,,3512,True,,
LQ03_VWAP_FLOW_REVERSAL,2025-12-29,1,,,,6046,True,,
LQ03_VWAP_FLOW_REVERSAL,2025-12-29,2,,,,9270,True,,
LQ03_VWAP_FLOW_REVERSAL,2025-12-30,1,,,,,False,,
LQ03_VWAP_FLOW_REVERSAL,2025-12-30,2,,,,,False,,
LQ03_VWAP_FLOW_REVERSAL,2026-01-05,1,,,,5287,True,,
LQ03_VWAP_FLOW_REVERSAL,2026-01-05,2,,,,352A,True,,
LQ03_VWAP_FLOW_REVERSAL,2026-01-06,1,,,,4412,True,,
LQ03_VWAP_FLOW_REVERSAL,2026-01-06,2,,,,4783,True,,
LQ03_VWAP_FLOW_REVERSAL,2026-01-07,1,,,,253A,True,,
LQ03_VWAP_FLOW_REVERSAL,2026-01-07,2,,,,7046,True,,
LQ03_VWAP_FLOW_REVERSAL,2026-01-08,1,,,,303A,True,,
LQ03_VWAP_FLOW_REVERSAL,2026-01-08,2,,,,3192,True,,
LQ03_VWAP_FLOW_REVERSAL,2026-01-09,1,,,,8209,True,,
LQ03_VWAP_FLOW_REVERSAL,2026-01-09,2,,,,2459,True,,
LQ03_VWAP_FLOW_REVERSAL,2026-01-13,1,,,,3559,True,,
LQ03_VWAP_FLOW_REVERSAL,2026-01-13,2,,,,4491,True,,
LQ03_VWAP_FLOW_REVERSAL,2026-01-14,1,,,,2734,True,,
LQ03_VWAP_FLOW_REVERSAL,2026-01-14,2,,,,7521,True,,
LQ03_VWAP_FLOW_REVERSAL,2026-01-15,1,,,,4885,True,,
LQ03_VWAP_FLOW_REVERSAL,2026-01-15,2,,,,3181,True,,
LQ03_VWAP_FLOW_REVERSAL,2026-01-16,1,,,,3023,True,,
LQ03_VWAP_FLOW_REVERSAL,2026-01-16,2,,,,5013,True,,
LQ03_VWAP_FLOW_REVERSAL,2026-01-19,1,,,,4406,True,,
LQ03_VWAP_FLOW_REVERSAL,2026-01-19,2,,,,2778,True,,
LQ03_VWAP_FLOW_REVERSAL,2026-01-20,1,,,,6182,True,,
LQ03_VWAP_FLOW_REVERSAL,2026-01-20,2,,,,7506,True,,
LQ03_VWAP_FLOW_REVERSAL,2026-01-21,1,,,,1401,True,,
LQ03_VWAP_FLOW_REVERSAL,2026-01-21,2,,,,6522,True,,
LQ03_VWAP_FLOW_REVERSAL,2026-01-22,1,,,,4361,True,,
LQ03_VWAP_FLOW_REVERSAL,2026-01-22,2,,,,3848,True,,
LQ03_VWAP_FLOW_REVERSAL,2026-01-23,1,,,,7090,True,,
LQ03_VWAP_FLOW_REVERSAL,2026-01-23,2,,,,296A,True,,
LQ03_VWAP_FLOW_REVERSAL,2026-01-26,1,,,,7902,True,,
LQ03_VWAP_FLOW_REVERSAL,2026-01-26,2,,,,5381,True,,
LQ03_VWAP_FLOW_REVERSAL,2026-01-27,1,,,,173A,True,,
LQ03_VWAP_FLOW_REVERSAL,2026-01-27,2,,,,3917,True,,
LQ03_VWAP_FLOW_REVERSAL,2026-01-28,1,,,,195A,True,,
LQ03_VWAP_FLOW_REVERSAL,2026-01-28,2,,,,8617,True,,
LQ03_VWAP_FLOW_REVERSAL,2026-01-29,1,,,,9895,True,,
LQ03_VWAP_FLOW_REVERSAL,2026-01-29,2,,,,6158,True,,
LQ03_VWAP_FLOW_REVERSAL,2026-01-30,1,,,,4479,True,,
LQ03_VWAP_FLOW_REVERSAL,2026-01-30,2,,,,4620,True,,
LQ03_VWAP_FLOW_REVERSAL,2026-02-02,1,,,,7022,True,,
LQ03_VWAP_FLOW_REVERSAL,2026-02-02,2,,,,6144,True,,
LQ03_VWAP_FLOW_REVERSAL,2026-02-03,1,3176,三洋貿易,0.9957397689330045,3176,False,0.0,-3.500000000000003
LQ03_VWAP_FLOW_REVERSAL,2026-02-03,2,,,,7901,True,,
LQ03_VWAP_FLOW_REVERSAL,2026-02-04,1,,,,7022,True,,
LQ03_VWAP_FLOW_REVERSAL,2026-02-04,2,,,,5906,True,,
LQ03_VWAP_FLOW_REVERSAL,2026-02-05,1,,,,4386,True,,
LQ03_VWAP_FLOW_REVERSAL,2026-02-05,2,,,,1443,True,,
LQ03_VWAP_FLOW_REVERSAL,2026-02-06,1,,,,3634,True,,
LQ03_VWAP_FLOW_REVERSAL,2026-02-06,2,,,,6897,True,,
LQ03_VWAP_FLOW_REVERSAL,2026-02-09,1,,,,5337,True,,
LQ03_VWAP_FLOW_REVERSAL,2026-02-09,2,,,,5242,True,,
LQ03_VWAP_FLOW_REVERSAL,2026-02-10,1,,,,7040,True,,
LQ03_VWAP_FLOW_REVERSAL,2026-02-10,2,,,,8045,True,,
LQ03_VWAP_FLOW_REVERSAL,2026-02-12,1,,,,9557,True,,
LQ03_VWAP_FLOW_REVERSAL,2026-02-12,2,,,,6969,True,,
LQ03_VWAP_FLOW_REVERSAL,2026-02-13,1,,,,3787,True,,
LQ03_VWAP_FLOW_REVERSAL,2026-02-13,2,,,,3779,True,,
LQ03_VWAP_FLOW_REVERSAL,2026-02-16,1,,,,2764,True,,
LQ03_VWAP_FLOW_REVERSAL,2026-02-16,2,,,,5367,True,,
LQ03_VWAP_FLOW_REVERSAL,2026-02-17,1,,,,9476,True,,
LQ03_VWAP_FLOW_REVERSAL,2026-02-17,2,,,,6635,True,,
LQ03_VWAP_FLOW_REVERSAL,2026-02-18,1,,,,7363,True,,
LQ03_VWAP_FLOW_REVERSAL,2026-02-18,2,,,,3670,True,,
LQ03_VWAP_FLOW_REVERSAL,2026-02-19,1,,,,7946,True,,
LQ03_VWAP_FLOW_REVERSAL,2026-02-19,2,,,,3173,True,,
LQ03_VWAP_FLOW_REVERSAL,2026-02-20,1,,,,7815,True,,
LQ03_VWAP_FLOW_REVERSAL,2026-02-20,2,,,,9444,True,,
LQ03_VWAP_FLOW_REVERSAL,2026-02-24,1,,,,4896,True,,
LQ03_VWAP_FLOW_REVERSAL,2026-02-24,2,,,,7694,True,,
LQ03_VWAP_FLOW_REVERSAL,2026-02-25,1,,,,5256,True,,
LQ03_VWAP_FLOW_REVERSAL,2026-02-25,2,6470,大豊工業,0.9773412064934854,6470,False,1.0,2.6654411764705843
LQ03_VWAP_FLOW_REVERSAL,2026-02-26,1,,,,5210,True,,
LQ03_VWAP_FLOW_REVERSAL,2026-02-26,2,,,,4571,True,,
LQ03_VWAP_FLOW_REVERSAL,2026-02-27,1,,,,3041,True,,
LQ03_VWAP_FLOW_REVERSAL,2026-02-27,2,,,,4840,True,,
LQ03_VWAP_FLOW_REVERSAL,2026-03-02,1,,,,6662,True,,
LQ03_VWAP_FLOW_REVERSAL,2026-03-02,2,,,,9818,True,,
LQ03_VWAP_FLOW_REVERSAL,2026-03-03,1,,,,3137,True,,
LQ03_VWAP_FLOW_REVERSAL,2026-03-03,2,,,,9130,True,,
LQ03_VWAP_FLOW_REVERSAL,2026-03-04,1,,,,4216,True,,
LQ03_VWAP_FLOW_REVERSAL,2026-03-04,2,6965,浜松ホトニク,0.9649038808838624,6965,False,0.0,-7.0476190476190474
LQ03_VWAP_FLOW_REVERSAL,2026-03-05,1,,,,6558,True,,
LQ03_VWAP_FLOW_REVERSAL,2026-03-05,2,,,,288A,True,,
LQ03_VWAP_FLOW_REVERSAL,2026-03-06,1,,,,7096,True,,
LQ03_VWAP_FLOW_REVERSAL,2026-03-06,2,,,,6391,True,,
LQ03_VWAP_FLOW_REVERSAL,2026-03-09,1,,,,192A,True,,
LQ03_VWAP_FLOW_REVERSAL,2026-03-09,2,9824,泉州電業,0.9376635665315483,9824,False,1.0,6.479859894921192
LQ03_VWAP_FLOW_REVERSAL,2026-03-10,1,,,,2438,True,,
LQ03_VWAP_FLOW_REVERSAL,2026-03-10,2,,,,7986,True,,
LQ03_VWAP_FLOW_REVERSAL,2026-03-11,1,,,,4075,True,,
LQ03_VWAP_FLOW_REVERSAL,2026-03-11,2,,,,2438,True,,
LQ03_VWAP_FLOW_REVERSAL,2026-03-12,1,,,,4074,True,,
LQ03_VWAP_FLOW_REVERSAL,2026-03-12,2,,,,3909,True,,
LQ03_VWAP_FLOW_REVERSAL,2026-03-13,1,,,,7435,True,,
LQ03_VWAP_FLOW_REVERSAL,2026-03-13,2,,,,5031,True,,
LQ03_VWAP_FLOW_REVERSAL,2026-03-16,1,,,,9565,True,,
LQ03_VWAP_FLOW_REVERSAL,2026-03-16,2,,,,2721,True,,
LQ03_VWAP_FLOW_REVERSAL,2026-03-17,1,,,,3634,True,,
LQ03_VWAP_FLOW_REVERSAL,2026-03-17,2,,,,1450,True,,
LQ03_VWAP_FLOW_REVERSAL,2026-03-18,1,,,,228A,True,,
LQ03_VWAP_FLOW_REVERSAL,2026-03-18,2,,,,9914,True,,
LQ03_VWAP_FLOW_REVERSAL,2026-03-19,1,,,,4625,True,,
LQ03_VWAP_FLOW_REVERSAL,2026-03-19,2,,,,4813,True,,
LQ03_VWAP_FLOW_REVERSAL,2026-03-23,1,,,,7615,True,,
LQ03_VWAP_FLOW_REVERSAL,2026-03-23,2,,,,2330,True,,
LQ03_VWAP_FLOW_REVERSAL,2026-03-24,1,,,,9701,True,,
LQ03_VWAP_FLOW_REVERSAL,2026-03-24,2,,,,6239,True,,
LQ03_VWAP_FLOW_REVERSAL,2026-03-25,1,,,,4990,True,,
LQ03_VWAP_FLOW_REVERSAL,2026-03-25,2,,,,175A,True,,
LQ03_VWAP_FLOW_REVERSAL,2026-03-26,1,,,,7812,True,,
LQ03_VWAP_FLOW_REVERSAL,2026-03-26,2,,,,331A,True,,
LQ03_VWAP_FLOW_REVERSAL,2026-03-27,1,,,,3386,True,,
LQ03_VWAP_FLOW_REVERSAL,2026-03-27,2,,,,3634,True,,
LQ03_VWAP_FLOW_REVERSAL,2026-03-30,1,,,,8835,True,,
LQ03_VWAP_FLOW_REVERSAL,2026-03-30,2,,,,6570,True,,
LQ03_VWAP_FLOW_REVERSAL,2026-03-31,1,,,,,False,,
LQ03_VWAP_FLOW_REVERSAL,2026-03-31,2,,,,,False,,
