date,model_rank,code,name,model_score,label,oc_return_pct,outcome_observed,source_complete,universe_source_complete,tdnet_source_complete,recipe_id
2024-11-01,1,8039,築地魚市場,0.5575249444802037,0.0,-0.15384615384614886,True,True,True,True,G0_price_core+G3_session_dynamics
2024-11-01,2,5939,大⾕⼯業,0.5551176439496767,0.0,-3.5769828926905167,True,True,True,True,G0_price_core+G3_session_dynamics
2024-11-05,1,7376,ＢＣＣ,0.5686474783813327,1.0,5.898123324396787,True,True,True,True,G0_price_core+G3_session_dynamics
2024-11-05,2,5449,大阪製鐵,0.5674337816127343,1.0,1.4778325123152802,True,True,True,True,G0_price_core+G3_session_dynamics
2024-11-06,1,4968,荒川化学⼯業,0.5821000523873862,1.0,0.16835016835017313,True,True,True,True,G0_price_core+G3_session_dynamics
2024-11-06,2,7376,ＢＣＣ,0.5741454344939644,1.0,3.8311688311688297,True,True,True,True,G0_price_core+G3_session_dynamics
2024-11-07,1,7376,ＢＣＣ,0.5711542218257823,1.0,2.565747273893515,True,True,True,True,G0_price_core+G3_session_dynamics
2024-11-07,2,4968,荒川化学⼯業,0.5692720312439091,0.0,-0.5042016806722671,True,True,True,True,G0_price_core+G3_session_dynamics
2024-11-08,1,4968,荒川化学⼯業,0.5686446731239294,0.0,-3.0125523012552335,True,True,True,True,G0_price_core+G3_session_dynamics
2024-11-08,2,7270,ＳＵＢＡＲＵ,0.5607231733683841,0.0,-4.44664031620553,True,True,True,True,G0_price_core+G3_session_dynamics
2024-11-11,1,3103,ユニチカ,0.5822331164739801,1.0,2.0325203252032464,True,True,True,True,G0_price_core+G3_session_dynamics
2024-11-11,2,7270,ＳＵＢＡＲＵ,0.5775499124774831,0.0,-0.6648659879493035,True,True,True,True,G0_price_core+G3_session_dynamics
2024-11-12,1,7083,ＡＨＣグループ,0.5867717474259658,1.0,2.187028657616885,True,True,True,True,G0_price_core+G3_session_dynamics
2024-11-12,2,2897,日清食品ホールディングス,0.5694710815013803,1.0,0.050761421319789335,True,True,True,True,G0_price_core+G3_session_dynamics
2024-11-13,1,7083,ＡＨＣグループ,0.5678039083369436,1.0,0.8221225710014934,True,True,True,True,G0_price_core+G3_session_dynamics
2024-11-13,2,2897,日清食品ホールディングス,0.5646474370630246,0.0,-1.1675126903553323,True,True,True,True,G0_price_core+G3_session_dynamics
2024-11-14,1,7083,ＡＨＣグループ,0.585830214380277,0.0,-1.743745261561791,True,True,True,True,G0_price_core+G3_session_dynamics
2024-11-14,2,5125,ファインズ,0.5754813461874452,0.0,-2.8340080971659964,True,True,True,True,G0_price_core+G3_session_dynamics
2024-11-15,1,7837,アールシーコア,0.5973254523641015,0.0,-2.0000000000000018,True,True,True,True,G0_price_core+G3_session_dynamics
2024-11-15,2,7083,ＡＨＣグループ,0.5847923738568194,0.0,-0.7662835249042099,True,True,True,True,G0_price_core+G3_session_dynamics
2024-11-18,1,4346,ＮＥＸＹＺ．Ｇｒｏｕｐ,0.5931198158274282,1.0,1.4598540145985384,True,True,True,True,G0_price_core+G3_session_dynamics
2024-11-18,2,7839,ＳＨＯＥＩ,0.5865839196935398,1.0,4.977145759268664,True,True,True,True,G0_price_core+G3_session_dynamics
2024-11-19,1,6656,インスペック,0.6023572456521846,0.0,-1.883830455259028,True,True,True,True,G0_price_core+G3_session_dynamics
2024-11-19,2,5125,ファインズ,0.5888198370376511,0.0,-0.2024291497975672,True,True,True,True,G0_price_core+G3_session_dynamics
2024-11-20,1,6656,インスペック,0.5917788438266733,0.0,-7.667731629392971,True,True,True,True,G0_price_core+G3_session_dynamics
2024-11-20,2,7837,アールシーコア,0.5818939212220128,0.0,-0.2597402597402598,True,True,True,True,G0_price_core+G3_session_dynamics
2024-11-21,1,8938,グローム・ホールディングス,0.5951967178907028,1.0,1.7287234042553168,True,True,True,True,G0_price_core+G3_session_dynamics
2024-11-21,2,7837,アールシーコア,0.5763384571565746,0.0,-0.7751937984496138,True,True,True,True,G0_price_core+G3_session_dynamics
2024-11-22,1,8938,グローム・ホールディングス,0.5768928081296334,1.0,1.182654402102501,True,True,True,True,G0_price_core+G3_session_dynamics
2024-11-22,2,4387,ＺＵＵ,0.569686254056038,0.0,-0.5617977528089901,True,True,True,True,G0_price_core+G3_session_dynamics
2024-11-25,1,8938,グローム・ホールディングス,0.5649750233918204,0.0,-0.2597402597402598,True,True,True,True,G0_price_core+G3_session_dynamics
2024-11-25,2,2150,ケアネット,0.5603696576182227,1.0,2.4834437086092676,True,True,True,True,G0_price_core+G3_session_dynamics
2024-11-26,1,9212,Ｇｒｅｅｎ Ｅａｒｔｈ Ｉｎｓｔｉｔｕｔｅ,0.5678614304569584,0.0,-4.509803921568622,True,True,True,True,G0_price_core+G3_session_dynamics
2024-11-26,2,8182,いなげや,0.5655813150585138,0.0,-0.5872483221476488,True,True,True,True,G0_price_core+G3_session_dynamics
2024-11-27,1,9212,Ｇｒｅｅｎ Ｅａｒｔｈ Ｉｎｓｔｉｔｕｔｅ,0.5850075453721928,0.0,-1.2371134020618513,True,True,True,True,G0_price_core+G3_session_dynamics
2024-11-27,2,8182,いなげや,0.5602735535095974,1.0,2.5316455696202445,True,True,True,True,G0_price_core+G3_session_dynamics
2024-11-28,1,9212,Ｇｒｅｅｎ Ｅａｒｔｈ Ｉｎｓｔｉｔｕｔｅ,0.5739035062972061,1.0,4.641350210970474,True,True,True,True,G0_price_core+G3_session_dynamics
2024-11-28,2,4424,Ａｍａｚｉａ,0.559311055837595,0.0,-0.8595988538681931,True,True,True,True,G0_price_core+G3_session_dynamics
2024-11-29,1,2150,ケアネット,0.5562350831857883,0.0,-1.0152284263959421,True,True,True,True,G0_price_core+G3_session_dynamics
2024-11-29,2,4424,Ａｍａｚｉａ,0.5534671970476869,0.0,-0.8695652173912993,True,True,True,True,G0_price_core+G3_session_dynamics
2024-12-02,1,9264,ポエック,0.5768211877273757,1.0,0.07112375533429027,True,True,True,True,G0_price_core+G3_session_dynamics
2024-12-02,2,9212,Ｇｒｅｅｎ Ｅａｒｔｈ Ｉｎｓｔｉｔｕｔｅ,0.5699299481854023,1.0,0.4115226337448652,True,True,True,True,G0_price_core+G3_session_dynamics
2024-12-03,1,7071,アンビスホールディングス,0.5902603342740858,0.0,-1.925254813137034,True,True,True,True,G0_price_core+G3_session_dynamics
2024-12-03,2,9696,ウィザス,0.5658953991782331,1.0,2.8418230563002744,True,True,True,True,G0_price_core+G3_session_dynamics
2024-12-04,1,7071,アンビスホールディングス,0.602319260556124,1.0,0.8196721311475308,True,True,True,True,G0_price_core+G3_session_dynamics
2024-12-04,2,4424,Ａｍａｚｉａ,0.5559423721835802,0.0,-3.1791907514450823,True,True,True,True,G0_price_core+G3_session_dynamics
2024-12-05,1,7071,アンビスホールディングス,0.593077930148127,1.0,0.8235294117647118,True,True,True,True,G0_price_core+G3_session_dynamics
2024-12-05,2,7314,小⽥原機器,0.5593992148649795,1.0,0.833965125094771,True,True,True,True,G0_price_core+G3_session_dynamics
2024-12-06,1,7071,アンビスホールディングス,0.6031576421254305,0.0,-2.2222222222222254,True,True,True,True,G0_price_core+G3_session_dynamics
2024-12-06,2,8798,アドバンスクリエイト,0.5677912530413165,0.0,-4.850746268656714,True,True,True,True,G0_price_core+G3_session_dynamics
2024-12-09,1,8798,アドバンスクリエイト,0.5824309368350108,0.0,-0.7843137254901933,True,True,True,True,G0_price_core+G3_session_dynamics
2024-12-09,2,7071,アンビスホールディングス,0.5821674633463105,1.0,1.0701545778834642,True,True,True,True,G0_price_core+G3_session_dynamics
2024-12-10,1,9417,スマートバリュー,0.562556401532386,1.0,0.33222591362125353,True,True,True,True,G0_price_core+G3_session_dynamics
2024-12-10,2,4587,ペプチドリーム,0.559296385823031,1.0,0.8797127468581634,True,True,True,True,G0_price_core+G3_session_dynamics
2024-12-11,1,3913,ＧｒｅｅｎＢｅｅ,0.5629291237693229,0.0,-4.617834394904463,True,True,True,True,G0_price_core+G3_session_dynamics
2024-12-11,2,2970,グッドライフカンパニー,0.5579031507373585,1.0,1.291512915129145,True,True,True,True,G0_price_core+G3_session_dynamics
2024-12-12,1,7360,オンデック,0.5769579786521628,0.0,0.0,True,True,True,True,G0_price_core+G3_session_dynamics
2024-12-12,2,4026,神島化学⼯業,0.5715044256757588,0.0,-0.9931719428926122,True,True,True,True,G0_price_core+G3_session_dynamics
2024-12-13,1,2970,グッドライフカンパニー,0.5668791267579173,1.0,3.5781544256120457,True,True,True,True,G0_price_core+G3_session_dynamics
2024-12-13,2,9165,クオルテック,0.5560016118918338,1.0,0.16286644951140072,True,True,True,True,G0_price_core+G3_session_dynamics
2024-12-16,1,3475,グッドコムアセット,0.5897264409614267,1.0,1.4285714285714235,True,True,True,True,G0_price_core+G3_session_dynamics
2024-12-16,2,8938,グローム・ホールディングス,0.56208682983599,1.0,0.8310249307479145,True,True,True,True,G0_price_core+G3_session_dynamics
2024-12-17,1,3475,グッドコムアセット,0.5661463694000733,1.0,0.4700352526439522,True,True,True,True,G0_price_core+G3_session_dynamics
2024-12-17,2,7554,幸楽苑,0.5540782143732037,1.0,4.868549172346648,True,True,True,True,G0_price_core+G3_session_dynamics
2024-12-18,1,9362,兵機海運,0.5646826604869767,1.0,0.540540540540535,True,True,True,True,G0_price_core+G3_session_dynamics
2024-12-18,2,6614,シキノハイテック,0.5643372958928282,0.0,-0.7920792079207928,True,True,True,True,G0_price_core+G3_session_dynamics
2024-12-19,1,3475,グッドコムアセット,0.5724128469619932,1.0,1.312649164677815,True,True,True,True,G0_price_core+G3_session_dynamics
2024-12-19,2,9362,兵機海運,0.5664663252560704,0.0,-1.7473118279569877,True,True,True,True,G0_price_core+G3_session_dynamics
2024-12-20,1,3475,グッドコムアセット,0.5668347429234153,0.0,-1.5294117647058791,True,True,True,True,G0_price_core+G3_session_dynamics
2024-12-20,2,4175,ｃｏｌｙ,0.5591379898877037,1.0,1.3659237958303372,True,True,True,True,G0_price_core+G3_session_dynamics
2024-12-23,1,4175,ｃｏｌｙ,0.5780196648904293,0.0,-2.867132867132871,True,True,True,True,G0_price_core+G3_session_dynamics
2024-12-23,2,245A,ＩＮＧＳ,0.5699067878564522,1.0,2.584181675802655,True,True,True,True,G0_price_core+G3_session_dynamics
2024-12-24,1,247A,Ａｉロボティクス,0.5725969327820571,1.0,0.6036217303822866,True,True,True,True,G0_price_core+G3_session_dynamics
2024-12-24,2,8066,三⾕商事,0.553729870893684,1.0,0.7828810020876764,True,True,True,True,G0_price_core+G3_session_dynamics
2024-12-25,1,7041,ＣＲＧホールディングス,0.5880936406748702,0.0,-4.558404558404561,True,True,True,True,G0_price_core+G3_session_dynamics
2024-12-25,2,4490,ビザスク,0.5558477941045197,0.0,-3.064066852367686,True,True,True,True,G0_price_core+G3_session_dynamics
2024-12-26,1,253A,ＥＴＳグループ,0.5945356426820337,0.0,-0.9600000000000053,True,True,True,True,G0_price_core+G3_session_dynamics
2024-12-26,2,255A,ジーエルテクノホールディングス,0.5937044331345452,1.0,1.179413867047896,True,True,True,True,G0_price_core+G3_session_dynamics
2024-12-27,1,4395,アクリート,0.5664957397929414,1.0,5.603448275862077,True,True,True,True,G0_price_core+G3_session_dynamics
2024-12-27,2,9159,Ｗ ＴＯＫＹＯ,0.5597860576774366,1.0,2.5515743756786113,True,True,True,True,G0_price_core+G3_session_dynamics
2024-12-30,1,9376,ユーラシア旅行社,0.5556528797438505,1.0,1.6227180527383478,True,True,True,True,G0_price_core+G3_session_dynamics
2024-12-30,2,9362,兵機海運,0.5532329971664225,1.0,0.8108108108108025,True,True,True,True,G0_price_core+G3_session_dynamics
2024-11-01,1,7376,ＢＣＣ,0.5534662673971,1.0,5.665722379603388,True,True,True,True,G0_price_core+G3_session_dynamics-without-G3_session_dynamics
2024-11-01,2,9565,ＧＬＯＥ,0.5407355321773829,0.0,-0.666666666666671,True,True,True,True,G0_price_core+G3_session_dynamics-without-G3_session_dynamics
2024-11-05,1,5449,大阪製鐵,0.5490388104201666,1.0,1.4778325123152802,True,True,True,True,G0_price_core+G3_session_dynamics-without-G3_session_dynamics
2024-11-05,2,7376,ＢＣＣ,0.5392344003067072,1.0,5.898123324396787,True,True,True,True,G0_price_core+G3_session_dynamics-without-G3_session_dynamics
2024-11-06,1,9270,バリュエンスホールディングス,0.5731440856767073,0.0,-0.13966480446927498,True,True,True,True,G0_price_core+G3_session_dynamics-without-G3_session_dynamics
2024-11-06,2,4968,荒川化学⼯業,0.5570408787279555,1.0,0.16835016835017313,True,True,True,True,G0_price_core+G3_session_dynamics-without-G3_session_dynamics
2024-11-07,1,9270,バリュエンスホールディングス,0.5701008825783164,0.0,-0.14025245441795509,True,True,True,True,G0_price_core+G3_session_dynamics-without-G3_session_dynamics
2024-11-07,2,4972,綜研化学,0.5475118244609696,1.0,3.300330033003296,True,True,True,True,G0_price_core+G3_session_dynamics-without-G3_session_dynamics
2024-11-08,1,9270,バリュエンスホールディングス,0.559834608008334,0.0,-0.5641748942172065,True,True,True,True,G0_price_core+G3_session_dynamics-without-G3_session_dynamics
2024-11-08,2,4480,メドレー,0.5473473319732197,1.0,4.667609618104662,True,True,True,True,G0_price_core+G3_session_dynamics-without-G3_session_dynamics
2024-11-11,1,3103,ユニチカ,0.5834303781067504,1.0,2.0325203252032464,True,True,True,True,G0_price_core+G3_session_dynamics-without-G3_session_dynamics
2024-11-11,2,9270,バリュエンスホールディングス,0.5631460598402555,0.0,-1.7021276595744705,True,True,True,True,G0_price_core+G3_session_dynamics-without-G3_session_dynamics
2024-11-12,1,7083,ＡＨＣグループ,0.5764262711905205,1.0,2.187028657616885,True,True,True,True,G0_price_core+G3_session_dynamics-without-G3_session_dynamics
2024-11-12,2,9270,バリュエンスホールディングス,0.5674013422980485,1.0,0.1443001443001357,True,True,True,True,G0_price_core+G3_session_dynamics-without-G3_session_dynamics
2024-11-13,1,9270,バリュエンスホールディングス,0.563744558257875,1.0,5.660377358490565,True,True,True,True,G0_price_core+G3_session_dynamics-without-G3_session_dynamics
2024-11-13,2,7083,ＡＨＣグループ,0.554559776108451,1.0,0.8221225710014934,True,True,True,True,G0_price_core+G3_session_dynamics-without-G3_session_dynamics
2024-11-14,1,7083,ＡＨＣグループ,0.5693815719147225,0.0,-1.743745261561791,True,True,True,True,G0_price_core+G3_session_dynamics-without-G3_session_dynamics
2024-11-14,2,6407,ＣＫＤ,0.5538026243054044,1.0,0.08006405124099114,True,True,True,True,G0_price_core+G3_session_dynamics-without-G3_session_dynamics
2024-11-15,1,7837,アールシーコア,0.5709717821088182,0.0,-2.0000000000000018,True,True,True,True,G0_price_core+G3_session_dynamics-without-G3_session_dynamics
2024-11-15,2,7083,ＡＨＣグループ,0.5684201016360013,0.0,-0.7662835249042099,True,True,True,True,G0_price_core+G3_session_dynamics-without-G3_session_dynamics
2024-11-18,1,4346,ＮＥＸＹＺ．Ｇｒｏｕｐ,0.5897625977473617,1.0,1.4598540145985384,True,True,True,True,G0_price_core+G3_session_dynamics-without-G3_session_dynamics
2024-11-18,2,7083,ＡＨＣグループ,0.5693942161720122,1.0,5.529595015576327,True,True,True,True,G0_price_core+G3_session_dynamics-without-G3_session_dynamics
2024-11-19,1,6656,インスペック,0.5705024953237714,0.0,-1.883830455259028,True,True,True,True,G0_price_core+G3_session_dynamics-without-G3_session_dynamics
2024-11-19,2,228A,オプロ,0.5683683197021265,1.0,3.3210332103321027,True,True,True,True,G0_price_core+G3_session_dynamics-without-G3_session_dynamics
2024-11-20,1,6656,インスペック,0.5601175367334367,0.0,-7.667731629392971,True,True,True,True,G0_price_core+G3_session_dynamics-without-G3_session_dynamics
2024-11-20,2,7366,ＬＩＴＡＬＩＣＯ,0.5585862507490154,0.0,-3.730569948186524,True,True,True,True,G0_price_core+G3_session_dynamics-without-G3_session_dynamics
2024-11-21,1,8938,グローム・ホールディングス,0.5699980882141479,1.0,1.7287234042553168,True,True,True,True,G0_price_core+G3_session_dynamics-without-G3_session_dynamics
2024-11-21,2,7366,ＬＩＴＡＬＩＣＯ,0.5684261584397444,1.0,1.4099783080260275,True,True,True,True,G0_price_core+G3_session_dynamics-without-G3_session_dynamics
2024-11-22,1,8938,グローム・ホールディングス,0.5603867708134701,1.0,1.182654402102501,True,True,True,True,G0_price_core+G3_session_dynamics-without-G3_session_dynamics
2024-11-22,2,4324,電通グループ,0.5452762606382338,0.0,-0.42553191489361764,True,True,True,True,G0_price_core+G3_session_dynamics-without-G3_session_dynamics
2024-11-25,1,6190,フェニックスバイオ,0.55166087989571,0.0,-0.27472527472527375,True,True,True,True,G0_price_core+G3_session_dynamics-without-G3_session_dynamics
2024-11-25,2,8938,グローム・ホールディングス,0.5509543015821398,0.0,-0.2597402597402598,True,True,True,True,G0_price_core+G3_session_dynamics-without-G3_session_dynamics
2024-11-26,1,7138,ＴＯＲＩＣＯ,0.554082350748056,0.0,-2.4600246002460024,True,True,True,True,G0_price_core+G3_session_dynamics-without-G3_session_dynamics
2024-11-26,2,9331,キャスター,0.5508446342673605,0.0,-1.0570824524312905,True,True,True,True,G0_price_core+G3_session_dynamics-without-G3_session_dynamics
2024-11-27,1,6920,レーザーテック,0.5507444619658153,1.0,1.835138387484947,True,True,True,True,G0_price_core+G3_session_dynamics-without-G3_session_dynamics
2024-11-27,2,9503,関⻄電力,0.5498047841213869,1.0,4.1780447842708845,True,True,True,True,G0_price_core+G3_session_dynamics-without-G3_session_dynamics
2024-11-28,1,7013,ＩＨＩ,0.5581953712480828,1.0,1.2638436482084625,True,True,True,True,G0_price_core+G3_session_dynamics-without-G3_session_dynamics
2024-11-28,2,7859,アルメディオ,0.5560208401559148,1.0,2.8213166144200663,True,True,True,True,G0_price_core+G3_session_dynamics-without-G3_session_dynamics
2024-11-29,1,2938,オカムラ食品⼯業,0.5473229882321157,1.0,3.473053892215572,True,True,True,True,G0_price_core+G3_session_dynamics-without-G3_session_dynamics
2024-11-29,2,9696,ウィザス,0.5444831337517075,1.0,0.7030827474310497,True,True,True,True,G0_price_core+G3_session_dynamics-without-G3_session_dynamics
2024-12-02,1,9264,ポエック,0.5607934130151716,1.0,0.07112375533429027,True,True,True,True,G0_price_core+G3_session_dynamics-without-G3_session_dynamics
2024-12-02,2,7345,アイ・パートナーズフィナンシャル,0.5493387892807331,1.0,1.5789473684210575,True,True,True,True,G0_price_core+G3_session_dynamics-without-G3_session_dynamics
2024-12-03,1,7071,アンビスホールディングス,0.6034145071557714,0.0,-1.925254813137034,True,True,True,True,G0_price_core+G3_session_dynamics-without-G3_session_dynamics
2024-12-03,2,9696,ウィザス,0.5493838896678739,1.0,2.8418230563002744,True,True,True,True,G0_price_core+G3_session_dynamics-without-G3_session_dynamics
2024-12-04,1,7071,アンビスホールディングス,0.6085263295253339,1.0,0.8196721311475308,True,True,True,True,G0_price_core+G3_session_dynamics-without-G3_session_dynamics
2024-12-04,2,6552,ＧａｍｅＷｉｔｈ,0.5500719693028452,1.0,1.382488479262678,True,True,True,True,G0_price_core+G3_session_dynamics-without-G3_session_dynamics
2024-12-05,1,7071,アンビスホールディングス,0.6035052438848104,1.0,0.8235294117647118,True,True,True,True,G0_price_core+G3_session_dynamics-without-G3_session_dynamics
2024-12-05,2,9362,兵機海運,0.5484065117549545,1.0,0.4746835443038,True,True,True,True,G0_price_core+G3_session_dynamics-without-G3_session_dynamics
2024-12-06,1,7071,アンビスホールディングス,0.6073888996184559,0.0,-2.2222222222222254,True,True,True,True,G0_price_core+G3_session_dynamics-without-G3_session_dynamics
2024-12-06,2,7048,ベルトラ,0.5584520534295714,1.0,0.6410256410256387,True,True,True,True,G0_price_core+G3_session_dynamics-without-G3_session_dynamics
2024-12-09,1,7071,アンビスホールディングス,0.5852224642718881,1.0,1.0701545778834642,True,True,True,True,G0_price_core+G3_session_dynamics-without-G3_session_dynamics
2024-12-09,2,8798,アドバンスクリエイト,0.5599267412415003,0.0,-0.7843137254901933,True,True,True,True,G0_price_core+G3_session_dynamics-without-G3_session_dynamics
2024-12-10,1,9565,ＧＬＯＥ,0.5631367532993427,0.0,-0.4237288135593209,True,True,True,True,G0_price_core+G3_session_dynamics-without-G3_session_dynamics
2024-12-10,2,4587,ペプチドリーム,0.5582347828002407,1.0,0.8797127468581634,True,True,True,True,G0_price_core+G3_session_dynamics-without-G3_session_dynamics
2024-12-11,1,7048,ベルトラ,0.5606692267187756,0.0,-2.6666666666666616,True,True,True,True,G0_price_core+G3_session_dynamics-without-G3_session_dynamics
2024-12-11,2,3540,⻭愛メディカル,0.5553613631324189,1.0,4.380341880341887,True,True,True,True,G0_price_core+G3_session_dynamics-without-G3_session_dynamics
2024-12-12,1,4587,ペプチドリーム,0.565351361167187,0.0,-1.0379316852236253,True,True,True,True,G0_price_core+G3_session_dynamics-without-G3_session_dynamics
2024-12-12,2,7048,ベルトラ,0.5586888778293028,0.0,-2.0408163265306145,True,True,True,True,G0_price_core+G3_session_dynamics-without-G3_session_dynamics
2024-12-13,1,7048,ベルトラ,0.5569000599215465,1.0,0.7017543859649145,True,True,True,True,G0_price_core+G3_session_dynamics-without-G3_session_dynamics
2024-12-13,2,2970,グッドライフカンパニー,0.5565295195584826,1.0,3.5781544256120457,True,True,True,True,G0_price_core+G3_session_dynamics-without-G3_session_dynamics
2024-12-16,1,3475,グッドコムアセット,0.5650767984146311,1.0,1.4285714285714235,True,True,True,True,G0_price_core+G3_session_dynamics-without-G3_session_dynamics
2024-12-16,2,2986,ＬＡホールディングス,0.5521988035695123,1.0,1.4399999999999968,True,True,True,True,G0_price_core+G3_session_dynamics-without-G3_session_dynamics
2024-12-17,1,4286,ＣＬホールディングス,0.5559504623710106,0.0,-2.4316109422492405,True,True,True,True,G0_price_core+G3_session_dynamics-without-G3_session_dynamics
2024-12-17,2,3475,グッドコムアセット,0.5472601641299782,1.0,0.4700352526439522,True,True,True,True,G0_price_core+G3_session_dynamics-without-G3_session_dynamics
2024-12-18,1,6614,シキノハイテック,0.5580263217395716,0.0,-0.7920792079207928,True,True,True,True,G0_price_core+G3_session_dynamics-without-G3_session_dynamics
2024-12-18,2,3452,ビーロット,0.5579572066805271,1.0,3.923076923076918,True,True,True,True,G0_price_core+G3_session_dynamics-without-G3_session_dynamics
2024-12-19,1,9362,兵機海運,0.551349795489811,0.0,-1.7473118279569877,True,True,True,True,G0_price_core+G3_session_dynamics-without-G3_session_dynamics
2024-12-19,2,3653,モルフォ,0.5491884482336747,1.0,5.173745173745181,True,True,True,True,G0_price_core+G3_session_dynamics-without-G3_session_dynamics
2024-12-20,1,4175,ｃｏｌｙ,0.5509866870875018,1.0,1.3659237958303372,True,True,True,True,G0_price_core+G3_session_dynamics-without-G3_session_dynamics
2024-12-20,2,5707,東邦亜鉛,0.544903354426531,0.0,-6.872852233676974,True,True,True,True,G0_price_core+G3_session_dynamics-without-G3_session_dynamics
2024-12-23,1,245A,ＩＮＧＳ,0.5754903156688138,1.0,2.584181675802655,True,True,True,True,G0_price_core+G3_session_dynamics-without-G3_session_dynamics
2024-12-23,2,4175,ｃｏｌｙ,0.5688369601421525,0.0,-2.867132867132871,True,True,True,True,G0_price_core+G3_session_dynamics-without-G3_session_dynamics
2024-12-24,1,247A,Ａｉロボティクス,0.5644463752335789,1.0,0.6036217303822866,True,True,True,True,G0_price_core+G3_session_dynamics-without-G3_session_dynamics
2024-12-24,2,8887,クミカ,0.5478479017403391,1.0,1.067615658362997,True,True,True,True,G0_price_core+G3_session_dynamics-without-G3_session_dynamics
2024-12-25,1,7041,ＣＲＧホールディングス,0.565871127115645,0.0,-4.558404558404561,True,True,True,True,G0_price_core+G3_session_dynamics-without-G3_session_dynamics
2024-12-25,2,4169,ＥＮＥＣＨＡＮＧＥ,0.5567974803609351,0.0,-0.6269592476489061,True,True,True,True,G0_price_core+G3_session_dynamics-without-G3_session_dynamics
2024-12-26,1,250A,シマダヤ,0.5830022828232222,1.0,0.4405286343612369,True,True,True,True,G0_price_core+G3_session_dynamics-without-G3_session_dynamics
2024-12-26,2,256A,飛島ホールディングス,0.5805178879288545,1.0,0.06289308176101738,True,True,True,True,G0_price_core+G3_session_dynamics-without-G3_session_dynamics
2024-12-27,1,9376,ユーラシア旅行社,0.5661527502427947,1.0,0.40733197556008793,True,True,True,True,G0_price_core+G3_session_dynamics-without-G3_session_dynamics
2024-12-27,2,4395,アクリート,0.5633770110424506,1.0,5.603448275862077,True,True,True,True,G0_price_core+G3_session_dynamics-without-G3_session_dynamics
2024-12-30,1,9376,ユーラシア旅行社,0.5694755542356311,1.0,1.6227180527383478,True,True,True,True,G0_price_core+G3_session_dynamics-without-G3_session_dynamics
2024-12-30,2,4175,ｃｏｌｙ,0.5474778647813582,1.0,0.7331378299120228,True,True,True,True,G0_price_core+G3_session_dynamics-without-G3_session_dynamics
