date,model_rank,code,name,model_score,oc_return_pct,tail_condition_count,tail_flag__range_expansion,tail_flag__close_volatility_expansion,tail_flag__deep_60d_relative_loser,tail_flag__frequent_flat_session,tail_flag__large_positive_overnight,session_range_ratio_5_20,cc_vol_ratio_5_20,xrank_close_momentum_60,flat_oc_rate_20,overnight_last,display_source
2024-07-01,1,8142,トーホー,0.5371656320741107,-1.084010840108396,0,False,False,False,False,False,0.9410838,1.0099968,0.8185064,0.0,-0.6321112515802807,v06_error_discovery
2024-07-01,2,7874,レック,0.5359097655125604,-2.025931928687197,0,False,False,False,False,False,1.149966,0.7220046,0.38351682,0.0,-0.6304176516942483,v06_error_discovery
2024-07-02,1,4664,アール・エス・シー,0.5542925092849511,-0.6980802792321161,4,True,True,True,True,False,2.264987,1.7697817,-0.8563798,0.1,0.9448818897637823,v06_error_discovery
2024-07-02,2,160A,アズパートナーズ,0.5534901356758433,-0.5398671096345509,,False,False,,False,False,1.2698426,0.9167948,,0.0,0.0,v06_error_discovery
2024-07-03,1,6151,日東⼯器,0.5432222169596274,-4.340497260851239,0,False,False,False,False,False,1.040769,0.91752464,0.7190279,0.0,0.9504132231404894,v06_error_discovery
2024-07-03,2,7874,レック,0.5351241223716895,1.5371477369769515,0,False,False,False,False,False,1.1423571,0.45364085,0.26733848,0.0,-0.41356492969396585,v06_error_discovery
2024-07-04,1,168A,イタミアート,0.554902283936885,-1.8659295093296449,,False,False,,False,False,0.623482,0.59313625,,0.0,1.1604095563140016,v06_error_discovery
2024-07-04,2,4177,ｉ‐ｐｌｕｇ,0.5482532985825961,-1.6666666666666718,0,False,False,False,False,False,1.3460978,1.2337514,0.6887437,0.0,0.611828687967364,v06_error_discovery
2024-07-05,1,5038,ｅＷｅＬＬ,0.5362086753784534,1.0752688172043,1,False,False,False,False,True,1.155326,1.454896,-0.30801186,0.05,1.9323671497584627,v06_error_discovery
2024-07-05,2,7932,ニッピ,0.535886786227237,-3.278688524590168,0,False,False,False,False,False,0.99700373,0.70286095,0.75489616,0.0,0.4366812227074135,v06_error_discovery
2024-07-08,1,6151,日東⼯器,0.5359583403334218,-3.822495606326892,0,False,False,False,False,False,1.0679908,1.008059,0.45616114,0.0,0.0,v06_error_discovery
2024-07-08,2,7932,ニッピ,0.5334174098680253,-4.248861911987856,0,False,False,False,False,False,1.047857,0.6753945,0.75829387,0.0,1.2066365007541435,v06_error_discovery
2024-07-09,1,6151,日東⼯器,0.5456305336909895,0.2284148012791309,1,False,False,False,False,True,1.1034898,0.8020799,0.19064535,0.0,2.0170327207530203,v06_error_discovery
2024-07-09,2,173A,ハンモック,0.545564117618294,-1.9466474405191116,,False,False,,False,False,0.78139734,0.3702714,,0.05,0.0,v06_error_discovery
2024-07-10,1,9418,Ｕ−ＮＥＸＴ ＨＯＬＤＩＮＧＳ,0.5407772556262447,1.4101057579318343,1,False,False,True,False,False,1.1772829,1.5798737,-0.67694134,0.0,-0.6521739130434745,v06_error_discovery
2024-07-10,2,3961,シルバーエッグ・テクノロジー,0.5333065719572233,-0.1986097318768642,0,False,False,False,False,False,1.0253148,1.0454668,0.19561352,0.05,0.0,v06_error_discovery
2024-07-11,1,9070,トナミホールディングス,0.5444195428874686,0.1686340640809414,0,False,False,False,False,False,0.9350136,1.1547358,0.875074,0.0,0.0,v06_error_discovery
2024-07-11,2,2437,Ｓｈｉｎｗａ Ｗｉｓｅ Ｈｏｌｄｉｎｇｓ,0.5402635653281794,-2.570694087403602,4,True,True,True,False,True,1.5691578,1.8642428,-0.77264655,0.05,2.2499999999999964,v06_error_discovery
2024-07-12,1,175A,Ｗｉｌｌ Ｓｍａｒｔ,0.5406326101501301,1.265822784810133,,False,False,,False,False,0.7637858,0.56325376,,0.05,-1.5835312747426777,v06_error_discovery
2024-07-12,2,2788,アップルインターナショナル,0.5405342489746766,1.2891344383057168,1,False,False,False,True,False,1.2836902,1.4951292,0.9496296,0.15,0.0,v06_error_discovery
2024-07-16,1,5957,日東精⼯,0.5293605150319826,-1.0954616588419452,4,True,True,False,True,True,2.5789292,2.1061554,0.32366863,0.15,3.4833091436865082,v06_error_discovery
2024-07-16,2,8938,グローム・ホールディングス,0.5283069099398955,3.272727272727272,0,False,False,False,False,False,1.1433648,1.2705865,0.8994083,0.0,0.0,v06_error_discovery
2024-07-17,1,7807,幸和製作所,0.5551301636935987,-2.4207011686143587,2,False,True,True,False,False,1.4618379,1.7653897,-0.7895049,0.0,-2.2761760242792084,v06_error_discovery
2024-07-17,2,4434,サーバーワークス,0.5521675085257658,2.6470588235294024,2,True,False,False,False,True,1.5331277,0.9270146,0.9359621,0.05,14.54005934718101,v06_error_discovery
2024-07-18,1,3760,ケイブ,0.5448993884004515,-6.6016504126031545,3,True,True,True,False,False,1.9136314,1.9735215,-0.6908012,0.05,-1.6578249336870021,v06_error_discovery
2024-07-18,2,6814,古野電気,0.540930772032514,-4.359925788497221,1,False,False,False,False,True,1.4688201,1.651203,0.8397626,0.0,2.0559210526315708,v06_error_discovery
2024-07-19,1,4385,メルカリ,0.5368264427795,0.3216123499142354,0,False,False,False,False,False,1.1967415,1.1749365,0.8947368,0.0,-0.020304568527917954,v06_error_discovery
2024-07-19,2,3760,ケイブ,0.536045048469173,-0.2380952380952372,3,True,True,True,False,False,2.187947,1.9210281,-0.9461857,0.0,0.8320726172466042,v06_error_discovery
2024-07-22,1,8617,光世証券,0.5612857134593139,1.923076923076916,3,True,True,True,False,False,1.6921564,1.8815049,-0.9686205,0.0,1.631321370309946,v06_error_discovery
2024-07-22,2,7807,幸和製作所,0.5449405006899556,1.935483870967736,2,True,False,True,False,False,1.7657518,1.512153,-0.87921846,0.0,-0.434027777777779,v06_error_discovery
2024-07-23,1,6048,デザインワン・ジャパン,0.554267250548121,-2.0689655172413834,3,True,True,False,True,False,1.902588,1.9021622,0.5048802,0.2,-1.2121212121212088,v06_error_discovery
2024-07-23,2,3793,ドリコム,0.5453195559496419,0.6410256410256387,1,False,False,True,False,False,1.2855275,1.6535072,-0.99231,0.0,-1.5691868758915817,v06_error_discovery
2024-07-24,1,7256,河⻄⼯業,0.5547566866252478,-4.147465437788023,3,True,False,False,True,True,1.503411,1.3419667,-0.59680283,0.1,22.815533980582515,v06_error_discovery
2024-07-24,2,6324,ハーモニック・ドライブ・システムズ,0.5342621039164568,-2.1077283372365363,1,False,False,False,False,True,1.0306154,0.99636686,0.51924217,0.05,3.75146541617819,v06_error_discovery
2024-07-25,1,6707,サンケン電気,0.5519522279029735,-7.9125,3,True,True,False,False,True,1.5101508,1.9957601,0.8322504,0.0,20.278491280248744,v06_error_discovery
2024-07-25,2,157A,グリーンモンスター,0.5432876276171617,-2.0386266094420624,1,False,False,False,False,True,1.3172047,0.7082289,-0.44300058,0.05,7.614213197969533,v06_error_discovery
2024-07-26,1,4588,オンコリスバイオファーマ,0.5586035384631413,0.0,3,True,False,True,False,True,1.50438,0.85737187,-0.86442673,0.0,10.416666666666675,v06_error_discovery
2024-07-26,2,9812,テーオーホールディングス,0.5393279549744183,-6.020942408376961,1,False,False,False,True,False,1.3993901,1.6420426,0.648099,0.15,0.0,v06_error_discovery
2024-07-29,1,2108,日本甜菜製糖,0.5436124110861744,-0.153668843641952,0,False,False,False,False,False,1.2606941,1.3577725,0.9246961,0.0,-0.2842928216062579,v06_error_discovery
2024-07-29,2,4373,シンプレクス・ホールディングス,0.5412406894719971,-2.5652565256525706,3,True,True,True,False,False,1.5021446,1.8286266,-0.7438482,0.0,-7.677543186180424,v06_error_discovery
2024-07-30,1,7043,アルー,0.5358006852723509,2.4242424242424176,0,False,False,False,False,False,0.8140248,0.623872,-0.5421615,0.05,0.0,v06_error_discovery
2024-07-30,2,2413,エムスリー,0.5334429580728266,-1.0689655172413826,2,False,False,True,False,True,1.3397834,1.008997,-0.807601,0.05,3.5175879396984966,v06_error_discovery
2024-07-31,1,6727,ワコム,0.5504599167035183,-1.6216216216216162,2,True,False,False,False,True,1.7297705,1.6058166,0.88806194,0.0,10.49136786188578,v06_error_discovery
2024-07-31,2,9340,アソインターナショナル,0.5374258189718503,3.2032032032031976,0,False,False,False,False,False,1.2678782,1.5287933,0.85829115,0.0,0.0,v06_error_discovery
2024-08-01,1,8938,グローム・ホールディングス,0.5607304647652422,-4.433497536945808,0,False,False,False,False,False,0.9565031,1.4012545,0.8029089,0.05,-1.4857142857142902,v06_error_discovery
2024-08-01,2,3542,ベガコーポレーション,0.5399827038611361,0.4065040650406581,1,False,False,True,False,False,1.2717474,1.3725502,-0.8153755,0.0,-1.9858156028368823,v06_error_discovery
2024-08-02,1,7046,ＴＤＳＥ,0.5565164830748498,-8.113207547169809,2,False,True,False,True,False,1.4361867,1.9771209,-0.55975217,0.1,-2.103049421661407,v06_error_discovery
2024-08-02,2,8938,グローム・ホールディングス,0.5520317298079036,-4.021447721179627,1,False,False,False,False,True,1.1065152,1.4045385,0.8099734,0.05,1.8820577164366359,v06_error_discovery
2024-08-05,1,7046,ＴＤＳＥ,0.5676560841287248,-10.760953112990013,4,True,True,True,True,False,1.8756214,1.8354666,-0.8014101,0.1,-5.917159763313606,v06_error_discovery
2024-08-05,2,9996,サトー商会,0.5619384212415612,8.002602472348741,0,False,False,False,False,False,1.4366202,1.6073179,-0.34841362,0.05,0.0,v06_error_discovery
2024-08-06,1,7035,ａｎｄ ｆａｃｔｏｒｙ,0.6168132798571273,-7.8767123287671215,2,True,True,False,False,False,2.1955504,1.8925983,-0.37676886,0.05,0.0,v06_error_discovery
2024-08-06,2,9162,ブリーチ,0.609665279367828,0.0,3,True,True,False,True,False,2.5438778,1.9151784,-0.43573114,0.15,-1.0238907849829393,v06_error_discovery
2024-08-07,1,4814,ネクストウェア,0.5888431044658752,4.838709677419351,4,True,False,True,True,True,2.6952097,1.5999575,-0.8221182,0.15,5.797101449275366,v06_error_discovery
2024-08-07,2,7782,シンシア,0.5586813041183202,6.02739726027397,5,True,True,True,True,True,2.6633697,2.0162675,-0.732007,0.1,21.802325581395344,v06_error_discovery
2024-08-08,1,4762,エックスネット,0.5437566109047814,4.502541757443712,3,True,True,False,False,True,1.5311874,1.7430037,0.11769834,0.0,9.328358208955233,v06_error_discovery
2024-08-08,2,1997,暁飯島⼯業,0.5413288108150444,3.0056355666875367,4,True,True,False,True,True,2.2217238,1.8350445,-0.19848882,0.15,2.3626698168930815,v06_error_discovery
2024-08-09,1,6488,ヨシタケ,0.5426477784175023,-0.4854368932038833,4,True,True,True,True,False,2.581366,1.9032328,-0.9337787,0.15,0.31250000000000444,v06_error_discovery
2024-08-09,2,6497,ハマイ,0.5400353843518314,2.052785923753664,3,True,True,False,True,False,1.6867564,1.9701263,-0.28027883,0.1,-0.09633911368015502,v06_error_discovery
2024-08-13,1,4527,ロート製薬,0.5419925975488556,-0.8854961832061026,2,True,True,False,False,False,1.9346013,1.888048,0.8706871,0.0,1.3321492007104752,v06_error_discovery
2024-08-13,2,3712,情報企画,0.5411662197387891,-3.566878980891719,2,True,True,False,False,False,2.0496688,1.9679182,0.838214,0.05,-3.267211201866982,v06_error_discovery
2024-08-14,1,7043,アルー,0.5478270489976078,3.409090909090917,1,False,False,False,True,False,0.99509907,1.2179294,0.45669746,0.1,-1.8159806295399483,v06_error_discovery
2024-08-14,2,5742,エヌアイシ・オートテック,0.5352004208815342,-0.8534850640113834,3,True,False,False,True,True,2.0566082,1.1024091,-0.15415704,0.2,6.580829756795414,v06_error_discovery
2024-08-15,1,7036,イーエムネットジャパン,0.5433945374616296,-2.682403433476399,2,True,False,False,False,True,1.7189833,1.2370697,0.5716345,0.05,3.125,v06_error_discovery
2024-08-15,2,3397,トリドールホールディングス,0.5374986474637246,-0.598973188819163,1,True,False,False,False,False,1.5483476,1.4194251,0.009512828,0.0,1.0471204188481575,v06_error_discovery
2024-08-16,1,7043,アルー,0.5538161754434453,-0.4987531172069848,1,False,False,False,True,False,1.0437932,1.2317523,0.4117309,0.1,0.366300366300365,v06_error_discovery
2024-08-16,2,8139,ナガホリ,0.5434520009291078,0.8046817849304944,1,False,False,False,True,False,1.168055,1.6898564,0.4174813,0.15,0.0,v06_error_discovery
2024-08-19,1,7043,アルー,0.5422420095196777,-0.5031446540880502,1,False,False,False,True,False,0.9681784,1.201191,0.27434644,0.1,0.12484394506866447,v06_error_discovery
2024-08-19,2,8871,ゴールドクレスト,0.5363161879505159,-0.8719916288803642,0,False,False,False,False,False,0.7601819,0.20908059,0.8873887,0.05,0.5964912280701729,v06_error_discovery
2024-08-20,1,7043,アルー,0.5424975718868895,-0.3764115432873249,1,False,False,False,True,False,1.0012845,1.2985168,0.29236925,0.1,-0.3759398496240629,v06_error_discovery
2024-08-20,2,8871,ゴールドクレスト,0.5352209395645856,0.8787346221441172,0,False,False,False,False,False,0.7595764,0.29492456,0.89482707,0.05,0.0,v06_error_discovery
2024-08-21,1,7043,アルー,0.534219640285829,0.6369426751592355,1,False,False,False,True,False,0.8034101,1.0687686,0.14253071,0.1,0.7585335018963413,v06_error_discovery
2024-08-21,2,1905,テノックス,0.5316824321747402,0.0,0,False,False,False,False,False,0.7707712,0.73183084,-0.5795487,0.0,0.08733624454149158,v06_error_discovery
2024-08-22,1,5905,日本製罐,0.541345756389436,3.333333333333344,1,False,False,False,True,False,0.4501601,0.21360746,0.66980326,0.15789473,-0.1129943502824804,v06_error_discovery
2024-08-22,2,7043,アルー,0.5352400632446624,-0.3778337531486153,1,False,False,False,True,False,0.4403501,0.5440685,0.36869118,0.1,-1.133501259445846,v06_error_discovery
2024-08-23,1,7043,アルー,0.5341917401635213,-1.4981273408239737,1,False,False,False,True,False,0.39248255,0.29508743,0.25071225,0.1,0.5063291139240533,v06_error_discovery
2024-08-23,2,8871,ゴールドクレスト,0.5320625545880477,0.6606397774687078,0,False,False,False,False,False,0.49032596,0.39977226,0.8826211,0.05,0.7381370826010647,v06_error_discovery
2024-08-26,1,6262,ＰＥＧＡＳＵＳ,0.5369142218161542,-0.7692307692307665,1,False,False,False,False,True,0.6614194,0.4576656,0.3529412,0.05,1.737451737451745,v06_error_discovery
2024-08-26,2,9250,ＧＲＣＳ,0.5351837829091776,2.473498233215543,2,False,False,True,True,False,0.94974387,0.4189365,-0.83780694,0.1,0.35087719298245723,v06_error_discovery
2024-08-27,1,4445,リビン・テクノロジーズ,0.547659426843337,0.0,1,False,False,True,False,False,0.86405885,0.36202332,-0.6055176,0.05263158,0.05265929436546468,v06_error_discovery
2024-08-27,2,3991,ウォンテッドリー,0.5441968152782248,0.163800163800154,0,False,False,False,False,False,0.5310778,0.1570157,0.25142208,0.0,-0.49099836333879043,v06_error_discovery
2024-08-28,1,187A,サムティホールディングス,0.5679017987413465,0.0378501135503306,,False,False,,False,False,0.48489484,0.24158713,,0.05,-0.11454753722794919,v06_error_discovery
2024-08-28,2,4445,リビン・テクノロジーズ,0.5444458944059263,0.0,2,False,False,True,True,False,0.91991776,0.3351319,-0.6930946,0.10526316,0.0,v06_error_discovery
2024-08-29,1,3991,ウォンテッドリー,0.5558029021884645,-1.8092105263157852,1,False,False,False,False,True,0.501027,0.17837028,0.05320057,0.0,1.7170891251022002,v06_error_discovery
2024-08-29,2,2736,フェスタリアホールディングス,0.5516260592559861,-0.7027406886858767,0,False,False,False,False,False,1.0437843,0.8747568,0.07368421,0.05,1.189730745147144,v06_error_discovery
2024-08-30,1,3991,ウォンテッドリー,0.5556385411531881,-0.4201680672268892,0,False,False,False,False,False,0.6273319,0.2182202,-0.27853882,0.0,0.0,v06_error_discovery
2024-08-30,2,4445,リビン・テクノロジーズ,0.5494525419827385,,,,False,True,True,False,,0.32081774,-0.7265982,0.2,0.7629427792915422,v06_error_discovery
2024-09-02,1,6634,ネクスグループ,0.5735802835212679,0.0,1,False,False,True,False,False,0.47412786,0.1976031,-0.8431485,0.05,0.9803921568627416,v06_error_discovery
2024-09-02,2,7046,ＴＤＳＥ,0.5725531703500858,-1.1612903225806437,1,False,False,True,False,False,0.5565419,0.16459459,-0.6529733,0.05,1.5792798483891257,v06_error_discovery
2024-09-03,1,2962,テクニスコ,0.5693918457891274,-2.5490196078431397,1,False,False,False,True,False,0.5172846,0.41655955,-0.18782458,0.1,0.0,v06_error_discovery
2024-09-03,2,4422,ＶＡＬＵＥＮＥＸ,0.5688089120710187,0.0,2,False,False,True,True,False,0.44973323,0.09676883,-0.9723024,0.1,1.4397905759162333,v06_error_discovery
2024-09-04,1,2962,テクニスコ,0.5615511121122826,-2.7888446215139417,2,False,False,False,True,True,0.54059935,0.5306214,-0.20283976,0.1,2.6156941649899457,v06_error_discovery
2024-09-04,2,4889,レナサイエンス,0.5532732399025972,-3.385416666666663,2,False,False,False,True,True,0.87593806,1.4416053,0.6699507,0.1,19.72602739726028,v06_error_discovery
2024-09-05,1,189A,Ｄ＆Ｍカンパニー,0.6003318281888281,0.1142857142857112,,False,False,,False,False,0.8216146,0.8040362,,0.05,-2.5219298245614086,v06_error_discovery
2024-09-05,2,2962,テクニスコ,0.5621676275924128,2.049180327868849,1,False,False,False,True,False,0.70308155,0.5851422,-0.14451876,0.1,1.0060362173038184,v06_error_discovery
2024-09-06,1,6034,ＭＲＴ,0.5632479241192111,4.643962848297223,3,False,True,False,True,True,1.1433017,1.9312608,0.66890514,0.15,21.00840336134453,v06_error_discovery
2024-09-06,2,4056,ニューラルグループ,0.5520824507465579,-3.2362459546925515,0,False,False,False,False,False,0.5972568,0.28595415,0.54452556,0.0,1.5957446808510634,v06_error_discovery
2024-09-09,1,9232,パスコ,0.5710424082070119,0.0,2,False,True,False,False,True,1.064779,1.992863,0.81493413,0.05,24.140012070006044,v06_error_discovery
2024-09-09,2,4890,坪⽥ラボ,0.5624481604735317,1.4678899082568808,2,False,False,False,True,True,0.6407544,1.6748422,0.9742313,0.15,18.957345971563978,v06_error_discovery
2024-09-10,1,9307,杉村倉庫,0.5680596266903909,-1.1345218800648316,3,True,True,False,False,True,1.5659108,1.8685648,0.19343494,0.0,12.06896551724137,v06_error_discovery
2024-09-10,2,4268,エッジテクノロジー,0.5543017523356657,0.0,2,False,True,False,False,True,1.361948,1.9036515,0.89390385,0.05,18.621973929236503,v06_error_discovery
2024-09-11,1,4415,ブロードエンタープライズ,0.5728769596140572,-1.5277777777777724,1,False,False,False,False,True,1.4056746,0.54205734,-0.17754263,0.0,14.28571428571428,v06_error_discovery
2024-09-11,2,4053,Ｓｕｎ Ａｓｔｅｒｉｓｋ,0.5666391109736278,-4.099821746880572,1,False,False,True,False,False,1.1099029,0.7700621,-0.9729571,0.05,1.2773722627737127,v06_error_discovery
2024-09-12,1,7069,サイバー・バズ,0.5714902730695481,-2.512998266897748,2,False,False,True,False,True,1.0062319,0.37820566,-0.9747208,0.0,4.29824561403509,v06_error_discovery
2024-09-12,2,6227,ＡＩメカテック,0.5684184375824197,-0.2504173622704497,1,False,False,False,False,True,0.99330276,1.6942804,-0.37213403,0.05,22.20988339811216,v06_error_discovery
2024-09-13,1,6190,フェニックスバイオ,0.5661801375180168,-1.95227765726681,1,False,False,False,False,True,1.4414253,0.8011421,-0.062186856,0.05,6.896551724137923,v06_error_discovery
2024-09-13,2,4755,楽天グループ,0.560486473581495,-0.0527815897814809,1,False,False,False,False,True,1.1846882,0.74902815,0.797819,0.0,2.9285099052541064,v06_error_discovery
2024-09-17,1,197A,タウンズ,0.5687583552318294,0.917431192660545,,False,False,,False,False,0.9302587,1.1262758,,0.0,0.3853564547206201,v06_error_discovery
2024-09-17,2,3475,グッドコムアセット,0.5598933467390348,-0.1256281407035153,2,True,True,False,False,False,1.6355766,1.8794184,0.47620454,0.05,-0.2350176263219761,v06_error_discovery
2024-09-18,1,196A,ＭＦＳ,0.6097474811573123,-1.538461538461533,,False,False,,False,False,0.8174469,0.54919463,,0.05,0.0,v06_error_discovery
2024-09-18,2,3653,モルフォ,0.5691904098198641,-5.727554179566563,2,False,True,False,False,True,1.0968663,1.8826925,0.8137197,0.05,24.968789013732827,v06_error_discovery
2024-09-19,1,5129,ＦＩＸＥＲ,0.5741104061798004,2.154195011337867,1,False,False,True,False,False,1.2164719,0.97466975,-0.96851796,0.0,1.5677491601343796,v06_error_discovery
2024-09-19,2,4884,クリングルファーマ,0.5715058251122391,4.830917874396135,0,False,False,False,False,False,0.86022437,0.915664,0.59370357,0.0,1.3480392156862697,v06_error_discovery
2024-09-20,1,5247,ＢＴＭ,0.5622245103618676,1.610169491525415,1,False,False,True,False,False,0.7767442,1.0459186,-0.9465717,0.0,0.24958402662229595,v06_error_discovery
2024-09-20,2,5129,ＦＩＸＥＲ,0.5577468646808871,0.0,1,False,False,True,False,False,1.1905011,1.4274478,-0.9685367,0.0,1.1467889908256979,v06_error_discovery
2024-09-24,1,5939,大⾕⼯業,0.5711199912310937,-1.3642564802182844,2,True,False,False,False,True,1.5590409,1.5046345,0.6942222,0.0,8.34403080872914,v06_error_discovery
2024-09-24,2,8591,オリックス,0.5587779857529653,-1.7655571635311174,0,False,False,False,False,False,1.144822,0.82714415,0.18518518,0.05,1.6105417276720324,v06_error_discovery
2024-09-25,1,3696,セレス,0.5765881726347197,-4.073587385019706,2,False,False,False,True,True,0.8384001,1.4779681,0.26222223,0.1,22.675736961451243,v06_error_discovery
2024-09-25,2,4512,わかもと製薬,0.5695116414088327,1.76678445229681,4,True,True,False,True,True,1.7614603,1.9614248,0.8234074,0.1,22.540983606557386,v06_error_discovery
2024-09-26,1,7878,光・彩,0.5836723688751954,-5.873015873015874,2,False,True,False,False,True,0.72157764,1.7966719,0.7387467,0.05,22.85191956124315,v06_error_discovery
2024-09-26,2,205A,ロゴスホールディングス,0.5671615889365442,-0.4194337644180312,,False,False,,False,False,0.7456576,0.516971,,0.05,-0.969529085872578,v06_error_discovery
2024-09-27,1,208A,構造計画研究所ホールディングス,0.5698105702117269,0.2439024390243904,,False,False,,True,False,0.45673463,0.45519146,,0.1,-0.24360535931789995,v06_error_discovery
2024-09-27,2,3224,ゼネラル・オイスター,0.5686072727500711,-0.1219512195121952,1,False,False,True,False,False,0.61972034,0.18775995,-0.997058,0.05,-0.5586592178770999,v06_error_discovery
2024-09-30,1,3695,ＧＭＯリサーチ＆ＡＩ,0.5533932035713072,2.5274725274725185,1,False,False,False,False,True,0.53910035,0.500731,-0.07172743,0.05263158,3.6859565057132393,v06_error_discovery
2024-09-30,2,3224,ゼネラル・オイスター,0.5525277231646197,-0.1248439450686644,1,False,False,True,False,False,0.67807204,0.31890765,-0.9994023,0.05,-5.202312138728327,v06_error_discovery
2024-10-01,1,3962,チェンジホールディングス,0.5500682784024508,3.571428571428581,1,False,False,False,False,True,1.1506982,1.405007,0.8295082,0.0,13.751987281399035,v06_error_discovery
2024-10-01,2,7163,住信ＳＢＩネット銀行,0.5483181011119411,0.952380952380949,1,False,False,False,False,True,0.90140617,1.0247407,-0.3138599,0.0,5.164498852333588,v06_error_discovery
2024-10-02,1,9331,キャスター,0.5548670850893147,0.7619047619047636,1,False,False,False,False,True,1.0610719,0.24340682,-0.54198927,0.0,2.835538752362954,v06_error_discovery
2024-10-02,2,5578,ＡＲアドバンストテクノロジ,0.553713779157663,-1.189532117367165,2,False,False,True,False,True,0.75394917,0.5628042,-0.9803454,0.0,3.978159126365055,v06_error_discovery
2024-10-03,1,3083,シーズメン,0.5569872490674534,-3.5278154681139706,1,False,False,False,False,True,1.1779044,0.89709306,-0.45259392,0.0,1.715039577836408,v06_error_discovery
2024-10-03,2,5247,ＢＴＭ,0.5439917710033289,1.9920318725099584,2,False,False,True,False,True,1.0638357,0.3878521,-0.8825283,0.0,2.3330651649235756,v06_error_discovery
2024-10-04,1,5575,Ｇｌｏｂｅｅ,0.5566243163317729,-2.329916123019571,2,False,False,True,False,True,1.234818,1.4200313,-0.9157706,0.05,2.7077497665732864,v06_error_discovery
2024-10-04,2,6524,湖北⼯業,0.5527209082192883,-0.9803921568627416,1,False,False,False,False,True,0.841025,0.6934178,0.9038232,0.0,2.876480541455151,v06_error_discovery
2024-10-07,1,5575,Ｇｌｏｂｅｅ,0.5537329720317061,0.373831775700939,2,False,False,True,False,True,1.1163789,1.1212752,-0.9074519,0.0,2.6794258373205704,v06_error_discovery
2024-10-07,2,7061,日本ホスピスホールディングス,0.5458118288013328,0.6662225183211135,0,False,False,False,False,False,0.87487197,1.0579966,0.5168269,0.0,-0.9646302250803873,v06_error_discovery
2024-10-08,1,9236,ジャパンＭ＆Ａソリューション,0.564901505207229,-4.80863591756624,1,False,False,True,False,False,0.89200544,0.36797512,-0.9945881,0.0,0.1908396946564972,v06_error_discovery
2024-10-08,2,6664,オプトエレクトロニクス,0.5531346983829522,-1.0869565217391353,2,False,False,True,False,True,1.0070859,1.2216859,-0.7227901,0.0,3.6231884057970953,v06_error_discovery
2024-10-09,1,9236,ジャパンＭ＆Ａソリューション,0.5819077018407596,3.292181069958855,1,False,False,True,False,False,1.0172597,0.52402884,-0.99638116,0.0,0.09823182711199419,v06_error_discovery
2024-10-09,2,4058,トヨクモ,0.5510045860073306,3.4151034151034043,0,False,False,False,False,False,0.9717147,0.9377821,0.8606755,0.05,-0.37488284910964786,v06_error_discovery
2024-10-10,1,9236,ジャパンＭ＆Ａソリューション,0.5628745346128636,0.0,1,False,False,True,False,False,0.99182606,0.4942546,-0.99515885,0.0,0.20618556701030855,v06_error_discovery
2024-10-10,2,3920,アイビーシー,0.5470139816704509,-2.2727272727272707,0,False,False,False,False,False,0.76284516,1.0385755,0.3065053,0.0,0.3597122302158251,v06_error_discovery
2024-10-11,1,9236,ジャパンＭ＆Ａソリューション,0.575213305193603,3.125,1,False,False,True,False,False,0.84400994,0.43981782,-0.99454546,0.05,-0.3984063745019917,v06_error_discovery
2024-10-11,2,3904,カヤック,0.556557859057108,-0.1883239171374784,2,True,False,True,False,False,1.7965227,0.36301732,-0.7369697,0.05,1.26811594202898,v06_error_discovery
2024-10-15,1,9236,ジャパンＭ＆Ａソリューション,0.5618950335036124,-1.7804154302670572,1,False,False,True,False,False,0.7217862,0.45667276,-0.99573433,0.05,-0.8000000000000007,v06_error_discovery
2024-10-15,2,9601,松竹,0.5594707699133386,0.9304812834224574,1,True,False,False,False,False,1.5207646,1.6646194,0.40767825,0.05,0.0,v06_error_discovery
2024-10-16,1,211A,カドス・コーポレーション,0.5747403253129412,0.6006006006006093,,False,False,,False,False,0.67364967,0.486081,,0.0,0.1512859304084735,v06_error_discovery
2024-10-16,2,9236,ジャパンＭ＆Ａソリューション,0.5712975505404807,1.2084592145015003,1,False,False,True,False,False,0.7266341,0.46243814,-0.99817795,0.05,-1.1730205278592365,v06_error_discovery
2024-10-17,1,4429,リックソフト,0.5537811831700563,-7.692307692307687,3,True,True,True,False,False,1.5142562,1.801664,-0.9659471,0.0,-0.16207455429497752,v06_error_discovery
2024-10-17,2,2687,シー・ヴイ・エス・ベイエリア,0.5504514177876535,-0.1766784452296832,1,False,False,True,False,False,1.0794798,1.2741232,-0.68622684,0.0,1.5929203539823078,v06_error_discovery
2024-10-18,1,4429,リックソフト,0.5750676081323192,-2.234636871508377,2,True,False,True,False,False,1.9991704,1.6477433,-0.97928727,0.0,0.0,v06_error_discovery
2024-10-18,2,2820,やまみ,0.546671040208559,-1.838235294117652,0,False,False,False,False,False,0.91432124,0.7957816,0.9530917,0.05,1.228501228501222,v06_error_discovery
2024-10-21,1,4014,カラダノート,0.5699464018092193,3.106796116504862,1,False,False,False,False,True,1.1297331,0.5073486,-0.073780484,0.05,11.516314779270642,v06_error_discovery
2024-10-21,2,5449,大阪製鐵,0.5544218021100126,-0.4504504504504458,1,False,False,False,False,True,1.1738434,0.5517865,0.95060974,0.0,5.105105105105112,v06_error_discovery
2024-10-22,1,7356,Ｒｅｔｔｙ,0.5442267242350554,-0.6622516556291425,1,True,False,False,False,False,1.6288615,1.2384539,-0.22752294,0.0,0.6535947712418277,v06_error_discovery
2024-10-22,2,9236,ジャパンＭ＆Ａソリューション,0.542457901444291,-0.5015045135406182,1,False,False,True,False,False,0.6521953,0.6321129,-0.9969419,0.05,0.30090270812437314,v06_error_discovery
2024-10-23,1,4176,ココナラ,0.5561329081879745,-2.6022304832713727,1,False,False,True,False,False,1.0895075,1.0923539,-0.9535878,0.05,0.0,v06_error_discovery
2024-10-23,2,6558,クックビズ,0.5511094837665982,-1.88866799204771,3,True,False,True,False,True,1.7011143,0.94206953,-0.648855,0.0,2.285714285714291,v06_error_discovery
2024-10-24,1,4176,ココナラ,0.554046417533039,3.076923076923066,1,False,False,True,False,False,0.997233,0.8698754,-0.9534456,0.05,0.7490636704119868,v06_error_discovery
2024-10-24,2,1982,日比⾕総合設備,0.552020466467908,2.467343976777947,0,False,False,False,False,False,1.0386772,0.94112635,0.80459416,0.0,0.0,v06_error_discovery
2024-10-25,1,7369,メイホーホールディングス,0.5467317589960552,0.4672897196261738,1,False,False,False,True,False,1.1933757,1.294575,0.041142154,0.1,0.0,v06_error_discovery
2024-10-25,2,4051,ＧＭＯフィナンシャルゲート,0.5467278065731177,-3.611111111111109,0,False,False,False,False,False,1.0002655,0.99767363,0.6217378,0.0,-0.2797202797202747,v06_error_discovery
2024-10-28,1,4811,ドリーム・アーツ,0.556447695956469,6.919396393080612,1,False,False,False,False,True,1.088729,0.85967124,0.9088964,0.0,1.8076644974692746,v06_error_discovery
2024-10-28,2,7062,フレアス,0.5560440511584205,3.37254901960784,2,False,False,True,False,True,1.4030741,1.5031924,-0.88321614,0.0,3.105590062111796,v06_error_discovery
2024-10-29,1,220A,Ｆａｂｅｒ Ｃｏｍｐａｎｙ,0.5705578839299452,3.7439613526569993,,False,False,,False,False,0.8985535,0.85831803,,0.0,-1.3580246913580285,v06_error_discovery
2024-10-29,2,8871,ゴールドクレスト,0.5485622231545073,-0.658978583196046,0,False,False,False,False,False,1.2813873,1.0835044,0.72458017,0.0,0.6514657980456029,v06_error_discovery
2024-10-30,1,4612,日本ペイントホールディングス,0.5600291506070074,-0.7569386038687953,2,False,False,False,True,True,1.0015655,1.6321573,0.9242748,0.1,23.56406480117821,v06_error_discovery
2024-10-30,2,4598,Ｄｅｌｔａ−Ｆｌｙ Ｐｈａｒｍａ,0.5560173498516477,5.162523900573612,1,False,False,False,False,True,1.2404996,1.3496258,-0.44366413,0.05,9.259259259259256,v06_error_discovery
2024-10-31,1,3529,アツギ,0.564933013168196,9.394313967861567,1,True,False,False,False,False,1.5319076,1.697999,0.8648731,0.05,0.9977827050997812,v06_error_discovery
2024-10-31,2,7376,ＢＣＣ,0.5592075858977317,0.0,1,False,False,True,False,False,0.9741259,1.1648152,-0.8557016,0.0,-0.1290322580645209,v06_error_discovery
2024-11-01,1,7376,ＢＣＣ,0.5534662673971001,5.665722379603388,1,False,False,True,False,False,1.0002056,1.1881347,-0.9430496,0.05882353,0.0,v07_g0_replay
2024-11-01,2,9565,ＧＬＯＥ,0.5407355321773829,-0.666666666666671,2,False,False,True,False,True,0.90547776,0.93656194,-0.9283527,0.0,2.2288261515601704,v07_g0_replay
2024-11-05,1,5449,大阪製鐵,0.5490388104201667,1.4778325123152802,2,True,True,False,False,False,1.6722146,1.8711001,0.7800307,0.0,-1.0558069381598756,v07_g0_replay
2024-11-05,2,7376,ＢＣＣ,0.539234400306707,5.898123324396787,1,False,False,True,False,False,1.1939645,1.1801302,-0.9637481,0.05882353,-3.8147138964577665,v07_g0_replay
2024-11-06,1,9270,バリュエンスホールディングス,0.5731440856767076,-0.1396648044692749,1,False,False,True,False,False,0.63127553,0.2036579,-0.8849449,0.0,0.1400560224089631,v07_g0_replay
2024-11-06,2,4968,荒川化学⼯業,0.5570408787279555,0.1683501683501731,2,True,True,False,False,False,1.7798214,1.7516671,0.40636474,0.0,1.5255530129671957,v07_g0_replay
2024-11-07,1,9270,バリュエンスホールディングス,0.5701008825783167,-0.140252454417955,1,False,False,True,False,False,0.578258,0.21693236,-0.9594595,0.0,0.7032348804500765,v07_g0_replay
2024-11-07,2,4972,綜研化学,0.54751182446097,3.300330033003296,1,False,False,False,False,True,1.2798023,0.9769543,0.6676904,0.0,6.687898089171984,v07_g0_replay
2024-11-08,1,9270,バリュエンスホールディングス,0.5598346080083342,-0.5641748942172065,1,False,False,True,False,False,0.61044306,0.080111206,-0.97483116,0.0,-0.2797202797202747,v07_g0_replay
2024-11-08,2,4480,メドレー,0.5473473319732197,4.667609618104662,0,False,False,False,False,False,1.1281513,1.2469178,-0.35359117,0.0,0.5326231691078487,v07_g0_replay
2024-11-11,1,3103,ユニチカ,0.5834303781067506,2.0325203252032464,4,True,True,True,True,False,1.6797974,1.9003499,-0.97356284,0.15,0.3389830508474523,v07_g0_replay
2024-11-11,2,9270,バリュエンスホールディングス,0.5631460598402558,-1.7021276595744703,1,False,False,True,False,False,0.68295807,0.090352915,-0.98647404,0.0,-0.4213483146067398,v07_g0_replay
2024-11-12,1,7083,ＡＨＣグループ,0.5764262711905207,2.187028657616885,0,False,False,False,False,False,0.8780889,0.92543787,0.20687538,0.0,0.4132231404958775,v07_g0_replay
2024-11-12,2,9270,バリュエンスホールディングス,0.5674013422980487,0.1443001443001357,1,False,False,True,False,False,0.7343977,0.12012909,-0.9895641,0.0,0.0,v07_g0_replay
2024-11-13,1,9270,バリュエンスホールディングス,0.5637445582578752,5.660377358490565,1,False,False,True,False,False,0.7752492,0.13036971,-0.9883614,0.0,0.0,v07_g0_replay
2024-11-13,2,7083,ＡＨＣグループ,0.5545597761084511,0.8221225710014934,0,False,False,False,False,False,0.9102913,0.8957893,0.09218989,0.0,-1.7777777777777781,v07_g0_replay
2024-11-14,1,7083,ＡＨＣグループ,0.5693815719147226,-1.743745261561791,0,False,False,False,False,False,0.8490512,0.9278937,0.30456075,0.0,-1.2546125461254665,v07_g0_replay
2024-11-14,2,6407,ＣＫＤ,0.5538026243054046,0.0800640512409911,2,False,False,True,False,True,1.2554376,0.4046167,-0.8647077,0.0,3.815337657382689,v07_g0_replay
2024-11-15,1,7837,アールシーコア,0.5709717821088183,-2.0000000000000018,4,True,True,True,True,False,1.8659496,1.851675,-0.8379531,0.1,0.0,v07_g0_replay
2024-11-15,2,7083,ＡＨＣグループ,0.5684201016360013,-0.7662835249042099,0,False,False,False,False,False,0.8620202,0.9420209,0.0569601,0.0,-2.223869532987399,v07_g0_replay
2024-11-18,1,4346,ＮＥＸＹＺ．Ｇｒｏｕｐ,0.5897625977473622,1.4598540145985384,2,True,False,False,False,True,1.596816,1.6553149,0.7477148,0.0,6.612685560053988,v07_g0_replay
2024-11-18,2,7083,ＡＨＣグループ,0.5693942161720124,5.529595015576327,0,False,False,False,False,False,0.93077224,1.2259235,-0.2364412,0.0,0.694444444444442,v07_g0_replay
2024-11-19,1,6656,インスペック,0.5705024953237716,-1.883830455259028,3,True,True,True,False,False,1.8033973,1.7648023,-0.9524535,0.0,-0.28571428571428914,v07_g0_replay
2024-11-19,2,228A,オプロ,0.5683683197021263,3.3210332103321027,,False,False,,False,False,0.87230855,0.5843085,,0.0,-1.7910447761193993,v07_g0_replay
2024-11-20,1,6656,インスペック,0.560117536733437,-7.667731629392971,4,True,True,True,False,True,1.8479073,1.7660433,-0.96837944,0.0,2.2471910112359605,v07_g0_replay
2024-11-20,2,7366,ＬＩＴＡＬＩＣＯ,0.5585862507490155,-3.730569948186524,1,False,False,True,False,False,0.7287825,0.70678556,-0.91061115,0.0,-0.8350730688935326,v07_g0_replay
2024-11-21,1,8938,グローム・ホールディングス,0.5699980882141479,1.7287234042553168,0,False,False,False,False,False,1.0156271,1.0351833,0.5856793,0.0,1.5686274509803866,v07_g0_replay
2024-11-21,2,7366,ＬＩＴＡＬＩＣＯ,0.5684261584397445,1.4099783080260275,1,False,False,True,False,False,0.8853543,0.7798053,-0.93084455,0.0,1.2591815320041944,v07_g0_replay
2024-11-22,1,8938,グローム・ホールディングス,0.5603867708134701,1.182654402102501,0,False,False,False,False,False,0.94275165,0.7011384,0.67431897,0.0,-0.6605019815059454,v07_g0_replay
2024-11-22,2,4324,電通グループ,0.5452762606382339,-0.4255319148936176,2,False,True,True,False,False,1.3105898,1.8070258,-0.79981637,0.05,1.029252437703132,v07_g0_replay
2024-11-25,1,6190,フェニックスバイオ,0.5516608798957103,-0.2747252747252737,4,True,False,True,True,True,1.6224719,0.77216107,-0.9546985,0.15,8.93854748603351,v07_g0_replay
2024-11-25,2,8938,グローム・ホールディングス,0.5509543015821396,-0.2597402597402598,0,False,False,False,False,False,0.94157034,0.906001,0.35414752,0.0,-0.5228758169934622,v07_g0_replay
2024-11-26,1,7138,ＴＯＲＩＣＯ,0.554082350748056,-2.4600246002460024,3,True,True,True,False,False,1.583981,1.731477,-0.9276296,0.05,-0.5524861878453025,v07_g0_replay
2024-11-26,2,9331,キャスター,0.5508446342673606,-1.0570824524312905,1,False,False,False,False,True,1.0811899,0.77600753,-0.15486047,0.05,4.125950054288818,v07_g0_replay
2024-11-27,1,6920,レーザーテック,0.5507444619658153,1.835138387484947,1,False,False,True,False,False,0.8656792,0.6098428,-0.9950815,0.05,-0.8769448373408761,v07_g0_replay
2024-11-27,2,9503,関⻄電力,0.5498047841213869,4.1780447842708845,1,False,False,True,False,False,0.9567078,0.4816801,-0.9508146,0.0,-0.3414762280010475,v07_g0_replay
2024-11-28,1,7013,ＩＨＩ,0.5581953712480833,1.2638436482084623,0,False,False,False,False,False,1.0655729,0.26990482,0.9066626,0.0,1.1886697015680348,v07_g0_replay
2024-11-28,2,7859,アルメディオ,0.5560208401559152,2.8213166144200663,2,False,False,True,False,True,1.13859,0.51079637,-0.87780166,0.05,7.453416149068315,v07_g0_replay
2024-11-29,1,2938,オカムラ食品⼯業,0.5473229882321158,3.473053892215572,0,False,False,False,False,False,0.9107167,0.602881,0.21988882,0.0,-0.3597122302158251,v07_g0_replay
2024-11-29,2,9696,ウィザス,0.5444831337517076,0.7030827474310497,0,False,False,False,False,False,1.1126746,0.9605936,0.9864114,0.0,1.2561441835062803,v07_g0_replay
2024-12-02,1,9264,ポエック,0.5607934130151714,0.0711237553342902,1,True,False,False,False,False,1.5166948,1.202648,0.7395608,0.0,0.4521963824289488,v07_g0_replay
2024-12-02,2,7345,アイ・パートナーズフィナンシャル,0.5493387892807331,1.5789473684210575,0,False,False,False,False,False,0.6473225,0.23428771,0.8552428,0.05,-0.35149384885764245,v07_g0_replay
2024-12-03,1,7071,アンビスホールディングス,0.6034145071557707,-1.925254813137034,2,False,False,True,True,False,0.7602558,0.24102929,-0.99876237,0.1,0.0,v07_g0_replay
2024-12-03,2,9696,ウィザス,0.5493838896678739,2.8418230563002744,0,False,False,False,False,False,1.2618805,0.93931895,0.9740099,0.0,-0.10741138560687036,v07_g0_replay
2024-12-04,1,7071,アンビスホールディングス,0.608526329525333,0.8196721311475308,2,False,False,True,True,False,0.71853554,0.21001843,-0.99938005,0.1,0.0,v07_g0_replay
2024-12-04,2,6552,ＧａｍｅＷｉｔｈ,0.5500719693028452,1.382488479262678,0,False,False,False,False,False,0.73759604,0.75167954,0.6280223,0.05,0.9090909090909038,v07_g0_replay
2024-12-05,1,7071,アンビスホールディングス,0.6035052438848095,0.8235294117647118,2,False,False,True,True,False,0.71796596,0.20906703,-0.9987628,0.1,-1.385681293302543,v07_g0_replay
2024-12-05,2,9362,兵機海運,0.5484065117549546,0.4746835443038,0,False,False,False,False,False,0.91072285,1.1735271,0.8546242,0.05,-0.30864197530864335,v07_g0_replay
2024-12-06,1,7071,アンビスホールディングス,0.6073888996184551,-2.222222222222225,2,False,False,True,True,False,0.6773715,0.15572189,-0.99876237,0.1,-1.2775842044134733,v07_g0_replay
2024-12-06,2,7048,ベルトラ,0.558452053429571,0.6410256410256387,1,False,False,True,False,False,0.75221705,0.18177892,-0.90408415,0.05,0.0,v07_g0_replay
2024-12-09,1,7071,アンビスホールディングス,0.5852224642718876,1.0701545778834642,1,False,False,True,False,False,0.69979405,0.17331462,-0.9987643,0.05,-0.2333722287047868,v07_g0_replay
2024-12-09,2,8798,アドバンスクリエイト,0.5599267412415002,-0.7843137254901933,1,False,False,True,False,False,1.4943259,1.2421097,-0.9981464,0.05,-1.831501831501836,v07_g0_replay
2024-12-10,1,9565,ＧＬＯＥ,0.5631367532993425,-0.4237288135593209,1,False,False,False,False,True,1.3143327,1.0617247,-0.22077923,0.0,1.849217638691325,v07_g0_replay
2024-12-10,2,4587,ペプチドリーム,0.5582347828002404,0.8797127468581634,1,False,False,False,False,True,0.67936206,0.4594887,0.6184292,0.0,1.7793594306049876,v07_g0_replay
2024-12-11,1,7048,ベルトラ,0.5606692267187753,-2.6666666666666616,1,False,False,True,False,False,0.6511675,0.2869834,-0.91656363,0.05,0.32467532467532756,v07_g0_replay
2024-12-11,2,3540,⻭愛メディカル,0.5553613631324187,4.380341880341887,1,False,False,True,False,False,0.80881095,0.4472042,-0.92027193,0.0,-0.7284079084287187,v07_g0_replay
2024-12-12,1,4587,ペプチドリーム,0.5653513611671868,-1.0379316852236251,0,False,False,False,False,False,0.7599365,0.6219143,0.3609907,0.0,-0.8720412884854922,v07_g0_replay
2024-12-12,2,7048,ベルトラ,0.5586888778293024,-2.0408163265306145,1,False,False,True,False,False,0.64479285,0.3058982,-0.9436532,0.05,0.0,v07_g0_replay
2024-12-13,1,7048,ベルトラ,0.5569000599215461,0.7017543859649145,1,False,False,True,False,False,0.6565461,0.29507074,-0.9510381,0.0,0.6849315068493178,v07_g0_replay
2024-12-13,2,2970,グッドライフカンパニー,0.5565295195584826,3.5781544256120457,2,True,False,True,False,False,1.5115106,1.4319719,-0.66780293,0.05,1.6848816029143787,v07_g0_replay
2024-12-16,1,3475,グッドコムアセット,0.5650767984146311,1.4285714285714235,0,False,False,False,False,False,1.2347369,1.4563814,0.050773993,0.0,0.10964912280702066,v07_g0_replay
2024-12-16,2,2986,ＬＡホールディングス,0.5521988035695123,1.4399999999999968,0,False,False,False,False,False,0.8877619,0.9877584,0.98018575,0.0,1.0574018126888296,v07_g0_replay
2024-12-17,1,4286,ＣＬホールディングス,0.5559504623710105,-2.4316109422492405,2,True,False,True,False,False,1.6175295,1.468814,-0.9759259,0.05,-0.29112081513827937,v07_g0_replay
2024-12-17,2,3475,グッドコムアセット,0.5472601641299781,0.4700352526439522,1,False,False,False,False,True,1.2636462,1.6554519,0.51111114,0.0,4.218362282878418,v07_g0_replay
2024-12-18,1,6614,シキノハイテック,0.5580263217395716,-0.7920792079207928,1,False,False,True,False,False,1.2462121,1.1486071,-0.95861644,0.0,-0.09285051067781103,v07_g0_replay
2024-12-18,2,3452,ビーロット,0.5579572066805268,3.923076923076918,1,False,True,False,False,False,1.3846031,1.8332996,0.9110562,0.0,0.9759759759759845,v07_g0_replay
2024-12-19,1,9362,兵機海運,0.551349795489811,-1.7473118279569877,0,False,False,False,False,False,1.010122,0.6899744,0.940759,0.0,0.0,v07_g0_replay
2024-12-19,2,3653,モルフォ,0.5491884482336747,5.173745173745181,2,False,True,True,False,False,1.3492545,1.8046838,-0.933971,0.0,0.2932551319648091,v07_g0_replay
2024-12-20,1,4175,ｃｏｌｙ,0.5509866870875019,1.3659237958303372,2,True,True,False,False,False,1.8475238,1.9271817,0.57213014,0.05,-3.584491587417704,v07_g0_replay
2024-12-20,2,5707,東邦亜鉛,0.5449033544265312,-6.872852233676974,2,False,True,True,False,False,1.3099526,1.8021517,-0.98526704,0.05,-12.027027027027026,v07_g0_replay
2024-12-23,1,245A,ＩＮＧＳ,0.5754903156688146,2.584181675802655,,False,False,,False,False,0.60426706,0.58627856,,0.0,-0.2381897578404124,v07_g0_replay
2024-12-23,2,4175,ｃｏｌｙ,0.5688369601421523,-2.867132867132871,3,True,True,False,False,True,1.8923975,1.9482584,0.70311546,0.05,3.1134173461823567,v07_g0_replay
2024-12-24,1,247A,Ａｉロボティクス,0.5644463752335797,0.6036217303822866,,False,False,,False,True,1.1700822,1.1517733,,0.0,1.7863522686673905,v07_g0_replay
2024-12-24,2,8887,クミカ,0.5478479017403389,1.067615658362997,1,False,False,True,False,False,0.7814657,0.3236307,-0.9203163,0.0,-1.379310344827589,v07_g0_replay
2024-12-25,1,7041,ＣＲＧホールディングス,0.565871127115645,-4.558404558404561,4,True,True,True,True,False,1.7414577,1.927716,-0.8304076,0.1,-0.6521739130434745,v07_g0_replay
2024-12-25,2,4169,ＥＮＥＣＨＡＮＧＥ,0.556797480360935,-0.6269592476489061,0,False,False,False,False,False,0.83898175,0.5190237,0.89110386,0.05,0.6172839506172867,v07_g0_replay
2024-12-26,1,250A,シマダヤ,0.5830022828232231,0.4405286343612369,,False,False,,True,False,1.1665411,1.40304,,0.1,0.36982248520709415,v07_g0_replay
2024-12-26,2,256A,飛島ホールディングス,0.5805178879288555,0.0628930817610173,,False,False,,True,False,0.70605516,0.40941712,,0.1,0.44303797468354666,v07_g0_replay
2024-12-27,1,9376,ユーラシア旅行社,0.5661527502427942,0.4073319755600879,1,False,False,False,True,False,0.3674265,0.08258853,-0.093722105,0.1,-0.8048289738430636,v07_g0_replay
2024-12-27,2,4395,アクリート,0.5633770110424505,5.603448275862077,0,False,False,False,False,False,1.0375241,0.6531256,0.7720916,0.0,0.8298755186721962,v07_g0_replay
2024-12-30,1,9376,ユーラシア旅行社,0.5694755542356308,1.6227180527383478,1,False,False,False,True,False,0.3795845,0.106958896,-0.096582465,0.1,0.20408163265306367,v07_g0_replay
2024-12-30,2,4175,ｃｏｌｙ,0.5474778647813581,0.7331378299120228,0,False,False,False,False,False,0.8137715,0.27537623,0.6077266,0.05,-0.7230657989877098,v07_g0_replay
2025-01-06,1,9376,ユーラシア旅行社,0.5655065368449067,0.1988071570576455,1,False,False,False,True,False,0.41871625,0.18653387,0.03677343,0.1,0.0,v07_g0_replay
2025-01-06,2,9362,兵機海運,0.5526902265342293,0.0,0,False,False,False,False,False,0.369795,0.50246584,0.94543296,0.0,-0.13495276653171517,v07_g0_replay
2025-01-07,1,9376,ユーラシア旅行社,0.583484869931749,-1.1881188118811892,1,False,False,False,True,False,0.46244934,0.20243835,0.14125295,0.1,0.3992015968063978,v07_g0_replay
2025-01-07,2,5851,リョービ,0.5521021019490949,0.7441860465116301,0,False,False,False,False,False,0.95374537,1.3549982,0.6282506,0.0,0.219780219780219,v07_g0_replay
2025-01-08,1,9376,ユーラシア旅行社,0.5635707540326241,-1.0000000000000009,1,False,False,False,True,False,0.5309031,0.19417134,0.15658364,0.1,0.1984126984126977,v07_g0_replay
2025-01-08,2,3791,ＩＧポート,0.5435035074348318,0.8917197452229297,0,False,False,False,False,False,0.7698846,0.60139936,0.86061686,0.0,0.5430242272347563,v07_g0_replay
2025-01-09,1,9376,ユーラシア旅行社,0.5570741387125551,1.4056224899598346,1,False,False,False,True,False,0.6233531,0.2034268,0.053175777,0.1,0.2004008016031955,v07_g0_replay
2025-01-09,2,7048,ベルトラ,0.5452039503925069,-0.4166666666666652,2,False,False,True,True,False,1.0751338,0.8211702,-0.9846381,0.15,0.3937007874015741,v07_g0_replay
2025-01-10,1,7314,小⽥原機器,0.5467150132763502,-0.0895255147717044,0,False,False,False,False,False,1.4850575,0.4237527,-0.45969886,0.0,0.5281690140845008,v07_g0_replay
2025-01-10,2,6180,ＧＭＯメディア,0.5442938104528429,1.6568047337278011,1,False,False,False,False,True,0.8029007,0.7369438,0.96338946,0.0,3.4229828850855792,v07_g0_replay
2025-01-14,1,7205,日野自動車,0.5484728884645094,-1.4213395638629334,0,False,False,False,False,False,0.95472765,0.8736766,0.6576151,0.0,-0.09448223733937722,v07_g0_replay
2025-01-14,2,9158,シーユーシー,0.5482090360821035,1.3265950726468745,2,False,False,False,True,True,0.9270443,0.84843385,-0.071428575,0.1,2.4330900243308973,v07_g0_replay
2025-01-15,1,8887,クミカ,0.5505767809713433,-1.038062283737029,1,False,False,True,False,False,0.92394954,0.91117895,-0.94527805,0.0,-1.3289036544850474,v07_g0_replay
2025-01-15,2,2164,地域新聞社,0.5487926985107993,-3.2352941176470584,3,True,False,True,False,True,1.5424249,0.61325866,-0.62165344,0.05,17.177914110429437,v07_g0_replay
2025-01-16,1,261A,日水コン,0.5943745416723828,-1.7796030116358663,,False,False,,False,False,1.0846071,1.0250663,,0.0,0.6779661016949046,v07_g0_replay
2025-01-16,2,245A,ＩＮＧＳ,0.5699775863862659,-6.542480690595188,3,True,True,True,False,False,1.8409014,1.8809978,-0.9199765,0.0,-5.5411895086811995,v07_g0_replay
2025-01-17,1,4429,リックソフト,0.5808227484835647,-1.845018450184499,3,True,True,True,False,False,1.9939301,1.936052,-0.97054493,0.0,0.6016847172081841,v07_g0_replay
2025-01-17,2,4418,ＪＤＳＣ,0.5660820063832871,-1.187648456057011,1,False,False,False,True,False,0.8029375,0.85471493,0.35022092,0.1,0.0,v07_g0_replay
2025-01-20,1,262A,インターメスティック,0.6232951101486641,3.428801936264625,,False,False,,False,False,0.8535633,0.70326453,,0.0,-0.20383204239706743,v07_g0_replay
2025-01-20,2,4429,リックソフト,0.5828309592807139,-1.3597033374536438,3,True,True,True,False,False,2.0259733,1.9152058,-0.93519884,0.0,1.6250000000000098,v07_g0_replay
2025-01-21,1,4429,リックソフト,0.5791130458466007,0.5006257822277815,3,True,True,True,False,False,2.0813465,1.901463,-0.9404832,0.0,1.3784461152882121,v07_g0_replay
2025-01-21,2,4418,ＪＤＳＣ,0.5587219943424202,-1.2956419316843326,1,False,False,False,True,False,0.629739,0.7041236,0.35179728,0.1,0.9615384615384581,v07_g0_replay
2025-01-22,1,4429,リックソフト,0.5714601692413632,0.248447204968949,3,True,True,True,False,False,2.2057178,1.9135174,-0.9475236,0.0,0.12531328320801727,v07_g0_replay
2025-01-22,2,6836,ぷらっとホーム,0.5587431066168279,0.3581661891117527,0,False,False,False,False,False,0.68755746,0.13591789,0.6904481,0.0,0.6385242993969475,v07_g0_replay
2025-01-23,1,9023,東京地下鉄,0.5942855990161625,0.1739130434782687,,False,False,,False,False,1.1613178,1.1065727,,0.0,0.7571345369831173,v07_g0_replay
2025-01-23,2,4429,リックソフト,0.5589478332096876,-0.987654320987652,2,True,False,True,False,False,1.5860479,0.3200919,-0.9533648,0.0,0.24906600249066102,v07_g0_replay
2025-01-24,1,3976,シャノン,0.5685016658568819,3.488372093023262,1,True,False,False,False,False,2.7317169,1.5653384,0.78527063,0.05,-0.6382978723404209,v07_g0_replay
2025-01-24,2,4429,リックソフト,0.5519770162623456,1.750000000000007,1,False,False,True,False,False,1.2172209,0.09050495,-0.956226,0.0,0.3717472118959009,v07_g0_replay
2025-01-27,1,268A,リガク・ホールディングス,0.5975053829997964,-1.8681318681318728,,False,False,,False,False,0.8461784,0.7664839,,0.0,-1.2903225806451646,v07_g0_replay
2025-01-27,2,6836,ぷらっとホーム,0.5409693873720592,-2.447552447552448,0,False,False,False,False,False,0.6418388,0.20561515,0.17594786,0.0,-0.4664513814137017,v07_g0_replay
2025-01-28,1,265A,Ｈｍｃｏｍｍ,0.5832256335084987,-2.470265324794141,,False,False,,False,False,0.82643014,1.1204357,,0.0,-0.5314437555358764,v07_g0_replay
2025-01-28,2,8066,三⾕商事,0.5571176343274397,1.1657374556512945,0,False,False,False,False,False,0.7922127,0.92319065,0.18219584,0.0,-0.29182879377431803,v07_g0_replay
2025-01-29,1,8066,三⾕商事,0.5467412996701514,-4.674291397314767,0,False,False,False,False,False,1.0194054,1.0253001,0.28668842,0.0,-0.654582074521648,v07_g0_replay
2025-01-29,2,5888,ＤＡＩＷＡ ＣＹＣＬＥ,0.5384435484815044,1.58311345646438,0,False,False,False,False,False,0.9483523,1.124672,0.9525645,0.0,1.558441558441559,v07_g0_replay
2025-01-30,1,8066,三⾕商事,0.5669659504417184,1.25065138092757,0,False,False,False,False,False,1.1620439,1.081431,0.051601425,0.0,0.7515030060120331,v07_g0_replay
2025-01-30,2,5851,リョービ,0.5366765386452766,1.6659359929855233,0,False,False,False,False,False,0.70225364,0.59551287,0.8013049,0.0,-0.3018542475204833,v07_g0_replay
2025-01-31,1,7901,マツモト,0.5584162091850139,-1.5503875968992276,2,True,False,False,False,True,1.8019617,1.4950138,0.48434237,0.05,9.50854700854702,v07_g0_replay
2025-01-31,2,4319,ＴＡＣ,0.5544494942411307,3.0000000000000027,0,False,False,False,False,False,1.1080062,1.6801345,0.81866986,0.05,-0.46511627906976605,v07_g0_replay
2025-02-03,1,5449,大阪製鐵,0.55792080410718,-1.5351812366737771,3,True,True,True,False,False,1.6797638,1.7590789,-0.97369206,0.0,-0.8079324274697042,v07_g0_replay
2025-02-03,2,8066,三⾕商事,0.5542919935539921,-1.4285714285714235,0,False,False,False,False,False,1.1470797,1.3646493,0.22571002,0.0,0.514668039114774,v07_g0_replay
2025-02-04,1,7067,ブランディングテクノロジー,0.5522875794467438,0.5291005291005346,1,False,False,False,True,False,0.48748377,0.06465862,-0.3875112,0.15,-0.21141649048626032,v07_g0_replay
2025-02-04,2,2736,フェスタリアホールディングス,0.5481838465802993,0.1265822784810133,1,False,False,False,True,False,0.5906976,0.25632536,0.68509114,0.15,0.0,v07_g0_replay
2025-02-05,1,7719,東京衡機,0.5529090761874231,-2.1739130434782594,2,True,False,False,False,True,2.2532845,1.5680184,-0.51917315,0.05,21.311475409836067,v07_g0_replay
2025-02-05,2,9369,キユーソー流通システム,0.5505624632655479,0.5392156862745079,0,False,False,False,False,False,0.7576092,0.7633647,0.2977831,0.0,0.0,v07_g0_replay
2025-02-06,1,4736,日本ラッド,0.5631228101966176,-2.2471910112359605,1,False,False,False,False,True,0.68523645,0.27274045,0.9304556,0.0,3.037974683544298,v07_g0_replay
2025-02-06,2,3663,セルシス,0.5499435136007336,-0.3728560775540623,1,False,False,False,False,True,1.3460793,0.48842326,0.48681056,0.05,2.9970760233918092,v07_g0_replay
2025-02-07,1,205A,ロゴスホールディングス,0.5839086074323385,-1.4026402640264002,2,False,False,True,True,False,0.651436,0.11763127,-0.9957983,0.1,-0.08382229673092878,v07_g0_replay
2025-02-07,2,9369,キユーソー流通システム,0.5590545131006569,1.566324033284383,0,False,False,False,False,False,0.9011815,0.720145,0.038415365,0.0,1.3651877133105783,v07_g0_replay
2025-02-10,1,205A,ロゴスホールディングス,0.5888444734945035,2.3470243084660503,2,False,False,True,True,False,0.68993515,0.10625196,-0.9969997,0.1,0.3311258278145601,v07_g0_replay
2025-02-10,2,6787,メイコー,0.5601040256659333,0.6053268765133124,1,False,False,False,False,True,1.4592221,1.6190945,0.63036305,0.0,5.125284738040992,v07_g0_replay
2025-02-12,1,205A,ロゴスホールディングス,0.578894722744006,0.7358953393295176,2,False,False,True,True,False,0.64277625,0.15866242,-0.9976041,0.1,-0.16736401673640433,v07_g0_replay
2025-02-12,2,3131,シンデン・ハイテックス,0.5558762284287038,2.441150828247607,3,True,True,False,False,True,1.8298588,2.0434558,-0.5387841,0.0,1.926040061633283,v07_g0_replay
2025-02-13,1,205A,ロゴスホールディングス,0.5809789913976751,0.7371007371007376,2,False,False,True,True,False,0.687007,0.15850104,-0.99820197,0.1,0.16380016380015405,v07_g0_replay
2025-02-13,2,3405,クラレ,0.5720507231027077,2.188417400587128,3,True,True,True,False,False,1.8933873,1.8825728,-0.7656578,0.0,0.7750170959653468,v07_g0_replay
2025-02-14,1,9517,イーレックス,0.554065541551995,-0.2515723270440251,1,False,False,False,False,True,1.2485236,1.2351375,0.7773109,0.0,5.4151624548736566,v07_g0_replay
2025-02-14,2,205A,ロゴスホールディングス,0.5508000382227363,-3.620273531777951,1,False,False,True,False,False,0.6393925,0.18419826,-0.9981993,0.05,-0.8928571428571397,v07_g0_replay
2025-02-17,1,3928,マイネット,0.5788440029150148,-0.3533568904593664,4,True,True,True,True,False,1.8914313,1.9419162,-0.94476134,0.15,0.0,v07_g0_replay
2025-02-17,2,7793,イメージ・マジック,0.5731866535880265,-1.2913640032284124,2,False,True,True,False,False,1.3703643,1.758251,-0.9231462,0.0,0.9090909090909038,v07_g0_replay
2025-02-18,1,8914,エリアリンク,0.5579961884919047,4.271356783919589,0,False,False,False,False,False,1.4452705,1.2846357,0.20347618,0.05,0.5615348619560034,v07_g0_replay
2025-02-18,2,4840,トライアイズ,0.5549151462960676,-3.857566765578635,0,False,False,False,False,False,0.9150286,1.0330046,0.60922986,0.05,0.0,v07_g0_replay
2025-02-19,1,7746,岡本硝子,0.5581467548998699,-2.777777777777779,0,False,False,False,False,False,1.0715495,0.84896874,0.96167666,0.05,-1.0638297872340385,v07_g0_replay
2025-02-19,2,4840,トライアイズ,0.5550271786430225,-1.5060240963855387,1,False,False,False,False,True,1.0969274,1.0091733,0.5494012,0.05,2.1212121212121238,v07_g0_replay
2025-02-20,1,7746,岡本硝子,0.5565523533386015,1.1494252873563315,0,False,False,False,False,False,1.0623016,0.6195844,0.96117085,0.05,0.0,v07_g0_replay
2025-02-20,2,8914,エリアリンク,0.5531836961270971,0.653923541247492,1,True,False,False,False,False,1.5104414,1.488299,0.41756272,0.0,0.0,v07_g0_replay
2025-02-21,1,4971,メック,0.5527721450340711,0.6144393241167334,1,False,False,True,False,False,1.2578425,1.6149377,-0.90976995,0.0,-1.851851851851849,v07_g0_replay
2025-02-21,2,4840,トライアイズ,0.5527529600039629,-3.459119496855345,0,False,False,False,False,False,1.3626966,1.2569108,0.4412907,0.05,0.6116207951070374,v07_g0_replay
2025-02-25,1,274A,ガーデン,0.6299125366764606,-0.0366300366300365,,False,False,,False,False,1.1238186,0.8635997,,0.0,0.0,v07_g0_replay
2025-02-25,2,3649,ファインデックス,0.5538339523954442,-0.7042253521126751,2,True,False,True,False,False,1.8429595,0.6506613,-0.7791045,0.0,0.40160642570281624,v07_g0_replay
2025-02-26,1,7746,岡本硝子,0.5626412599080816,-1.7241379310344862,1,False,False,False,True,False,0.73730683,0.7841579,0.96144724,0.1,-1.7142857142857126,v07_g0_replay
2025-02-26,2,6185,ＳＭＮ,0.5584671633312714,-0.5025125628140725,1,False,False,False,True,False,0.86368686,0.45145315,0.8558719,0.1,0.25706940874035134,v07_g0_replay
2025-02-27,1,7746,岡本硝子,0.565221197035026,-0.588235294117645,2,False,False,False,True,True,0.8138973,0.69031626,0.96319383,0.1,2.35294117647058,v07_g0_replay
2025-02-27,2,3359,ｃｏｔｔａ,0.559422368003337,0.0,0,False,False,False,False,False,1.303529,1.0652776,0.49539924,0.0,0.0,v07_g0_replay
2025-02-28,1,2175,エス・エム・エス,0.5661808321027119,-3.2312211498111587,1,False,False,True,False,False,0.6799989,0.26460233,-0.9785778,0.05,-0.24999999999999467,v07_g0_replay
2025-02-28,2,9159,Ｗ ＴＯＫＹＯ,0.561774700264156,-2.4365482233502544,1,False,False,False,False,True,0.83678323,0.47106618,-0.3121095,0.0,6.500761808024369,v07_g0_replay
2025-03-03,1,2175,エス・エム・エス,0.5766084067424538,1.4243820695433618,1,False,False,True,False,False,0.6929912,0.26175198,-0.987526,0.05,-0.708333333333333,v07_g0_replay
2025-03-03,2,2491,バリューコマース,0.562664783272825,1.5719467956469169,1,False,False,True,False,False,0.92092943,0.11271553,-0.97564596,0.05,0.1223990208078396,v07_g0_replay
2025-03-04,1,2175,エス・エム・エス,0.560350699287253,-1.8992568125516085,2,False,False,True,False,True,0.69761693,0.45191783,-0.97981596,0.05,3.5125758889852587,v07_g0_replay
2025-03-04,2,2491,バリューコマース,0.5584173100919222,0.0,1,False,False,True,False,False,0.8248556,0.16441204,-0.9691303,0.05,0.24242424242424399,v07_g0_replay
2025-03-05,1,2175,エス・エム・エス,0.5681442585767629,-2.960526315789469,1,False,False,True,False,False,0.6957507,0.46618268,-0.97866035,0.05,0.04130524576622108,v07_g0_replay
2025-03-05,2,2491,バリューコマース,0.567242373579465,0.9779951100244544,2,False,False,True,True,False,0.6241858,0.19695112,-0.96917605,0.1,-1.7857142857142905,v07_g0_replay
2025-03-06,1,6550,Ｕｎｉｐｏｓ,0.554299112969722,1.9480519480519431,0,False,False,False,False,False,0.361876,0.30865002,0.6556842,0.0,0.6535947712418277,v07_g0_replay
2025-03-06,2,6315,ＴＯＷＡ,0.5539089408080496,-1.2666666666666715,0,False,False,False,False,False,0.79463273,0.2615248,-0.54764026,0.0,0.0,v07_g0_replay
2025-03-07,1,4783,ＮＣＤ,0.5590187520486415,-4.134650567142339,0,False,False,False,False,False,0.90968364,0.2727808,0.7611408,0.0,0.3247924936846003,v07_g0_replay
2025-03-07,2,6315,ＴＯＷＡ,0.552491305835515,0.689179875947632,1,False,False,True,False,False,0.7330511,0.26556662,-0.6304219,0.0,0.536193029490617,v07_g0_replay
2025-03-10,1,4783,ＮＣＤ,0.5847813703039239,-0.0384467512495212,0,False,False,False,False,False,0.8983253,0.54862535,0.7482143,0.0,-0.7625272331154731,v07_g0_replay
2025-03-10,2,7096,ステムセル研究所,0.5539983968046177,2.510460251046021,1,False,False,True,False,False,0.939453,0.6915736,-0.8660714,0.0,-0.6039689387402958,v07_g0_replay
2025-03-11,1,4783,ＮＣＤ,0.5788672090278755,3.060413354531,0,False,False,False,False,False,0.8689396,0.46822956,0.743376,0.0,-0.725190839694656,v07_g0_replay
2025-03-11,2,7345,アイ・パートナーズフィナンシャル,0.548930716401798,0.6666666666666599,,False,,False,False,False,0.8994258,,-0.1205716,0.0,0.0,v07_g0_replay
2025-03-12,1,281A,インフォメティス,0.6329165284926939,2.444444444444449,,False,False,,False,False,0.9893102,0.52947265,,0.0,-0.22123893805309214,v07_g0_replay
2025-03-12,2,4259,エクサウィザーズ,0.5697515830911106,0.6369426751592355,1,False,False,True,False,False,0.8951656,0.4758294,-0.9031779,0.05,-3.125,v07_g0_replay
2025-03-13,1,4259,エクサウィザーズ,0.577430732746945,-1.253918495297801,1,False,False,True,False,False,0.8298651,0.3834356,-0.9559524,0.05,-1.2578616352201255,v07_g0_replay
2025-03-13,2,4783,ＮＣＤ,0.5599666065304959,-2.552204176334105,0,False,False,False,False,False,0.84085876,0.96181023,0.73333335,0.0,-1.002699575780952,v07_g0_replay
2025-03-14,1,4259,エクサウィザーズ,0.5868162293661363,1.6077170418006492,1,False,False,True,False,False,0.8478062,0.290473,-0.9557681,0.05,0.9493670886076,v07_g0_replay
2025-03-14,2,7075,ＱＬＳホールディングス,0.5836407798135655,-0.3667481662591676,,False,False,,True,False,0.46952915,0.22858502,,0.1,-0.24420024420024333,v07_g0_replay
2025-03-17,1,286A,ユカリア,0.62579391947174,1.3278855975485282,,False,False,,False,False,0.8753961,0.72994363,,0.0,-0.31914893617021045,v07_g0_replay
2025-03-17,2,5380,新東,0.5836933689020296,-0.0656167979002586,1,False,False,False,True,False,0.59852767,0.16218491,0.6578083,0.1,-0.654450261780104,v07_g0_replay
2025-03-18,1,7345,アイ・パートナーズフィナンシャル,0.5875678439941815,-1.7793594306049876,1,False,False,True,False,False,1.0205884,1.5107251,-0.659994,0.055555556,0.16528925619834212,v07_g0_replay
2025-03-18,2,5380,新東,0.560233306210207,-0.1314060446780507,0,False,False,False,False,False,0.6472086,0.17535408,0.6313116,0.05,0.0,v07_g0_replay
2025-03-19,1,7345,アイ・パートナーズフィナンシャル,0.5717224215045392,3.260869565217384,2,False,False,True,False,True,1.1318005,1.4591011,-0.7118898,0.055555556,1.8115942028985588,v07_g0_replay
2025-03-19,2,4380,Ｍマート,0.5590936237560836,4.847986852917008,4,True,True,False,True,True,1.8048266,1.9161754,0.7118898,0.1,2.923076923076917,v07_g0_replay
2025-03-21,1,291A,リスキル,0.6191677552665633,0.2808988764045006,,False,False,,False,False,0.86261666,0.6016225,,0.0,1.2711864406779627,v07_g0_replay
2025-03-21,2,287A,⿊⽥グループ,0.5981194942996082,-2.2325581395348792,,False,False,,False,False,0.71653795,0.5925454,,0.0,-0.2795899347623476,v07_g0_replay
2025-03-24,1,7211,三菱自動車⼯業,0.5520414894475333,-1.059513074842211,1,False,False,False,False,True,0.8838884,0.55746937,0.29801324,0.0,3.060306030603055,v07_g0_replay
2025-03-24,2,2371,カカクコム,0.5480586061650422,0.5815305885089606,2,False,False,True,False,True,1.1441475,1.1308577,-0.74954844,0.05,3.364855948977352,v07_g0_replay
2025-03-25,1,299A,ｄｅｌｙ,0.5817438419578029,0.8604206500955947,,False,False,,False,True,0.8292759,0.6016111,,0.05,2.446183953033265,v07_g0_replay
2025-03-25,2,5858,ＳＴＧ,0.5602129144640744,0.9424436216761922,1,False,False,False,False,True,0.9938754,1.0165724,0.87552613,0.0,2.2399999999999975,v07_g0_replay
2025-03-26,1,8798,アドバンスクリエイト,0.5618749049536607,2.6755852842809347,2,False,False,True,True,False,0.50279814,0.12323317,-0.99279714,0.2,0.0,v07_g0_replay
2025-03-26,2,6857,アドバンテスト,0.5614734955416968,-0.3074951953875748,1,False,False,True,False,False,0.91913587,0.7678914,-0.834934,0.0,1.5615240474703418,v07_g0_replay
2025-03-27,1,8798,アドバンスクリエイト,0.5555948394132968,-1.607717041800638,2,False,False,True,True,False,0.8146371,0.21171731,-0.9939886,0.2,0.6734006734006703,v07_g0_replay
2025-03-27,2,3683,サイバーリンクス,0.5510135350527525,2.5048169556840083,0,False,False,False,False,False,0.95818347,0.91640234,0.89419895,0.0,0.0,v07_g0_replay
2025-03-28,1,8798,アドバンスクリエイト,0.5646814524554673,-5.177993527508096,2,False,False,True,True,False,1.1196578,0.2273059,-0.9927993,0.2,1.3029315960912058,v07_g0_replay
2025-03-28,2,5482,愛知製鋼,0.5543661800379126,-5.386740331491713,0,False,False,False,False,False,0.9378922,0.63282984,0.95319533,0.0,0.0,v07_g0_replay
2025-03-31,1,8798,アドバンスクリエイト,0.5836577363719353,-4.406779661016946,2,False,False,True,True,False,1.4280114,0.3939884,-0.9957576,0.2,0.9803921568627416,v07_g0_replay
2025-03-31,2,300A,ＭＩＣ,0.5819575122515938,5.068337129840539,,False,False,,False,False,1.0574329,0.88682944,,0.05,0.9142857142857119,v07_g0_replay
2025-04-01,1,303A,ｖｉｓｕｍｏ,0.6076684130726432,-3.786574870912218,,False,False,,False,False,0.97247237,1.0924783,,0.0,-1.6299918500407462,v07_g0_replay
2025-04-01,2,304A,フォルシア,0.601804790860703,-3.193987787693753,,False,False,,False,False,1.2447797,1.0476322,,0.0,-2.2758306781975435,v07_g0_replay
2025-04-02,1,302A,ビースタイルホールディングス,0.6154066496433473,2.467343976777947,,False,False,,False,False,0.9523224,0.53973466,,0.05,0.4341534008682979,v07_g0_replay
2025-04-02,2,8798,アドバンスクリエイト,0.5972703784520591,-10.87719298245614,3,True,False,True,True,False,1.9492091,0.62075025,-0.99638337,0.15,0.35460992907800915,v07_g0_replay
2025-04-03,1,8798,アドバンスクリエイト,0.6095643562669734,-2.8000000000000025,4,True,False,True,True,True,2.1616597,0.44631884,-0.99819875,0.1,7.954545454545459,v07_g0_replay
2025-04-03,2,3667,ｅｎｉｓｈ,0.573721024083568,-2.727272727272722,4,True,False,True,True,True,1.8519769,0.90777665,-0.87691385,0.1,10.169491525423723,v07_g0_replay
2025-04-04,1,7638,ＮＥＷ ＡＲＴ ＨＯＬＤＩＮＧＳ,0.558128045450885,1.240310077519391,3,True,False,True,False,True,1.9622012,1.6140686,-0.78029174,0.0,2.392344497607657,v07_g0_replay
2025-04-04,2,4960,ケミプロ化成,0.5549213998593963,-6.185567010309279,1,False,False,False,True,False,1.3994379,1.6547692,0.1866627,0.1,0.6688963210702337,v07_g0_replay
2025-04-07,1,7036,イーエムネットジャパン,0.6096224529173999,-8.115942028985511,2,True,True,False,False,False,1.5550289,1.7181787,-0.4280629,0.055555556,-1.4476614699331813,v07_g0_replay
2025-04-07,2,2338,クオンタムソリューションズ,0.5781317577357614,3.0162412993039345,0,False,False,False,False,False,0.78867286,0.40552545,0.20973004,0.0,0.6036217303822866,v07_g0_replay
2025-04-08,1,5845,全保連,0.5833835608140788,4.661016949152552,2,True,False,False,True,False,3.0499082,1.6482668,0.45697328,0.1,-6.499999999999995,v07_g0_replay
2025-04-08,2,5031,モイ,0.5755291771992488,2.604166666666674,3,True,False,True,True,False,1.5802511,1.4400506,-0.6866469,0.2,-6.0747663551401825,v07_g0_replay
2025-04-09,1,9063,岡山県貨物運送,0.5816736108371656,3.092783505154628,3,True,False,False,True,True,1.5539399,1.2016087,0.67009705,0.11111111,11.186440677966104,v07_g0_replay
2025-04-09,2,7266,今仙電機製作所,0.5750510075014129,-3.839441535776611,3,True,True,False,False,True,1.8837758,1.9251785,0.6671567,0.0,7.476635514018692,v07_g0_replay
2025-04-10,1,9165,クオルテック,0.5773932821493146,-6.797706797706793,3,True,True,False,False,True,2.3692162,1.8272114,-0.370229,0.05,2.685765443151289,v07_g0_replay
2025-04-10,2,7266,今仙電機製作所,0.5688463593738835,-3.846153846153844,2,True,True,False,False,False,1.9580301,1.8763047,0.498532,0.0,-1.715265866209259,v07_g0_replay
2025-04-11,1,7266,今仙電機製作所,0.5864319424861295,0.6956521739130528,3,True,True,False,False,True,1.9288561,1.9816604,0.5310586,0.0,8.529945553539008,v07_g0_replay
2025-04-11,2,7901,マツモト,0.5806606982897914,0.2710027100270906,3,True,True,False,False,True,1.8602172,1.9859744,-0.58646834,0.05,8.571428571428562,v07_g0_replay
2025-04-14,1,7043,アルー,0.5556236345991707,2.2222222222222143,0,False,False,False,False,False,1.4247962,0.8704396,0.80430984,0.0,-1.4749262536873142,v07_g0_replay
2025-04-14,2,8025,ツカモトコーポレーション,0.5508358623515065,1.3513513513513598,2,True,True,False,False,False,1.6053609,1.8673929,0.5631916,0.05,-0.16666666666667052,v07_g0_replay
2025-04-15,1,7043,アルー,0.5725922445848486,1.4684287812041008,0,False,False,False,False,False,0.8493741,0.9505058,0.795942,0.0,-0.8810572687224627,v07_g0_replay
2025-04-15,2,8025,ツカモトコーポレーション,0.5540227802309274,-1.4202172096908994,2,False,True,False,False,True,1.2556869,1.836447,0.69739133,0.05,2.5996533795493937,v07_g0_replay
2025-04-16,1,7043,アルー,0.5689723994662583,0.0,0,False,False,False,False,False,0.6743418,0.4167986,0.77329105,0.0,-1.30434782608696,v07_g0_replay
2025-04-16,2,9244,デジタリフト,0.5562138512812445,-0.7052186177715081,1,False,False,False,False,True,0.6554202,0.66704917,-0.1664263,0.05,2.121640735502117,v07_g0_replay
2025-04-17,1,7043,アルー,0.5742576426196042,-0.5772005772005762,0,False,False,False,False,False,0.5511117,0.38918346,0.76860934,0.05,0.0,v07_g0_replay
2025-04-17,2,9244,デジタリフト,0.5533085743174998,0.0,0,False,False,False,False,False,0.6426764,0.53954285,-0.1557992,0.05,0.0,v07_g0_replay
2025-04-18,1,7043,アルー,0.5660309797966652,0.8771929824561431,0,False,False,False,False,False,0.47036466,0.42077297,0.7862507,0.05,0.28943560057888007,v07_g0_replay
2025-04-18,2,5982,マルゼン,0.5529739742282413,-1.4106583072100332,0,False,False,False,False,False,1.0925491,0.7731199,0.06585789,0.0,0.9508716323296307,v07_g0_replay
2025-04-21,1,7043,アルー,0.566696917168164,0.8746355685131268,0,False,False,False,False,False,0.43575677,0.42235386,0.7338733,0.05,-0.7256894049346929,v07_g0_replay
2025-04-21,2,8887,クミカ,0.5656540494603329,-0.5988023952095856,0,False,False,False,False,False,0.58829564,0.206903,0.578247,0.0,0.5988023952095745,v07_g0_replay
2025-04-22,1,7043,アルー,0.5674122834674428,1.3157894736842035,0,False,False,False,False,False,0.40615278,0.20935711,0.7649783,0.05,-0.5797101449275366,v07_g0_replay
2025-04-22,2,8887,クミカ,0.5645849910014108,2.752293577981657,0,False,False,False,False,False,0.46375823,0.20709677,0.5918958,0.0,0.0,v07_g0_replay
2025-04-23,1,7043,アルー,0.5674879295376098,-0.575539568345329,0,False,False,False,False,False,0.39423397,0.28692234,0.76600057,0.05,-1.1560693641618491,v07_g0_replay
2025-04-23,2,3712,情報企画,0.555679148981277,0.7559395248380119,0,False,False,False,False,False,0.5008684,0.25013193,0.60092676,0.05,0.43572984749455923,v07_g0_replay
2025-04-24,1,7043,アルー,0.573671474332416,0.5788712011577379,0,False,False,False,False,False,0.40481567,0.35677087,0.7322926,0.05,0.28860028860029363,v07_g0_replay
2025-04-24,2,6226,守⾕輸送機⼯業,0.5548214743958143,-0.1096892138939709,0,False,False,False,False,False,0.7335243,0.47614244,0.5131541,0.05,0.4577464788732444,v07_g0_replay
2025-04-25,1,7043,アルー,0.5665766858748758,0.1436781609195359,0,False,False,False,False,False,0.39905566,0.40761083,0.7680069,0.05,0.0,v07_g0_replay
2025-04-25,2,3387,クリエイト・レストランツ・ホールディングス,0.5567114536968912,-1.4967925873129009,0,False,False,False,False,False,0.7925323,0.9532524,0.6129592,0.05,-0.2711864406779618,v07_g0_replay
2025-04-28,1,6967,新光電気⼯業,0.5812850817717237,-0.2370069409175501,0,False,False,False,False,False,0.0531048,0.016970064,0.22292994,0.0,-0.03376667229444408,v07_g0_replay
2025-04-28,2,7043,アルー,0.5630205526733142,-0.4304160688665681,0,False,False,False,False,False,0.36388263,0.4109704,0.72785175,0.05,0.14388489208632116,v07_g0_replay
2025-04-30,1,8518,日本アジア投資,0.5673364732320195,-3.879310344827591,0,False,False,False,False,False,0.6505168,0.41418913,0.58313954,0.0,0.0,v07_g0_replay
2025-04-30,2,7043,アルー,0.561133790523898,0.1440922190201643,0,False,False,False,False,False,0.33018744,0.534415,0.7,0.05,0.0,v07_g0_replay
2025-05-01,1,8518,日本アジア投資,0.5749247484455282,-2.26244343891403,0,False,False,False,False,False,0.66841704,0.3997153,0.6505814,0.0,0.43290043290042934,v07_g0_replay
2025-05-01,2,7043,アルー,0.5625214955933258,0.2877697841726645,0,False,False,False,False,False,0.27708557,0.5356894,0.65930235,0.05,0.0,v07_g0_replay
2025-05-02,1,8518,日本アジア投資,0.5764681114552941,-0.9216589861751112,0,False,False,False,False,False,0.67443913,0.3813781,0.46200874,0.0,-0.8968609865470878,v07_g0_replay
2025-05-02,2,3917,アイリッジ,0.5642982423465291,-3.669724770642202,1,False,False,True,False,False,0.6271248,0.18403146,-0.6768559,0.0,1.2939001848428777,v07_g0_replay
2025-05-07,1,8518,日本アジア投資,0.5738449474688269,-0.4366812227074246,0,False,False,False,False,False,0.56866467,0.24310593,0.30396733,0.0,0.4629629629629539,v07_g0_replay
2025-05-07,2,3917,アイリッジ,0.565125816253483,0.0,2,False,False,True,False,True,0.78274167,0.13242126,-0.747958,0.0,2.251407129455907,v07_g0_replay
2025-05-08,1,319A,技術承継機構,0.5780741325236001,-0.450958286358516,,False,False,,False,False,0.68336713,0.600178,,0.0,1.6241299303944245,v07_g0_replay
2025-05-08,2,7375,リファインバースグループ,0.5461180087639858,0.0,0,False,False,False,False,False,0.71793747,0.26412478,0.18653001,0.0,-0.12345679012345512,v07_g0_replay
2025-05-09,1,4475,ＨＥＮＮＧＥ,0.5546033786384843,-1.305483028720622,2,False,False,False,True,True,1.1525104,1.053636,0.3180482,0.1,6.9145845438698395,v07_g0_replay
2025-05-09,2,7782,シンシア,0.53482356165341,6.866952789699576,0,False,False,False,False,False,0.9574739,1.1186603,0.97413284,0.0,0.28368794326241176,v07_g0_replay
2025-05-12,1,3917,アイリッジ,0.5507497796550883,0.0,1,False,False,True,False,False,1.4323806,1.1937884,-0.9303835,0.05,1.5151515151515138,v07_g0_replay
2025-05-12,2,7130,ヤマエグループホールディングス,0.5500394551407118,-1.703163017031628,0,False,False,False,False,False,1.4310282,1.4526601,0.8318584,0.0,1.3425393172228572,v07_g0_replay
2025-05-13,1,4540,ツムラ,0.5649706790819671,-3.240615716986228,3,True,True,True,False,False,1.8404064,1.8253874,-0.8166223,0.0,-0.4600874166091562,v07_g0_replay
2025-05-13,2,6239,ナガオカ,0.5514170599683562,2.8524857375713086,1,False,False,False,False,True,1.2506614,0.27583855,0.3546288,0.0,11.783189316575026,v07_g0_replay
2025-05-14,1,9691,両毛システムズ,0.5530057797264835,0.7294199374782817,0,False,False,False,False,False,1.0979173,1.2088722,0.70115626,0.0,0.20073603211776536,v07_g0_replay
2025-05-14,2,4540,ツムラ,0.5483036392170724,-1.4500836586726185,3,True,True,True,False,False,1.9653987,1.8281722,-0.89030534,0.0,0.40672451193057846,v07_g0_replay
2025-05-15,1,7561,ハークスレイ,0.5613812790682959,-2.828618968386021,3,True,True,True,False,False,1.5217757,1.7124077,-0.6307054,0.0,1.4224751066856278,v07_g0_replay
2025-05-15,2,4069,ＢｌｕｅＭｅｍｅ,0.5562169262854887,2.57548845470692,3,True,True,False,True,False,1.7600768,1.9572484,-0.5186722,0.2,-4.597701149425292,v07_g0_replay
2025-05-16,1,3513,イチカワ,0.5618953189488893,0.1818181818181719,3,True,True,True,False,False,1.7359401,1.9963058,-0.63301665,0.0,0.3775620280474623,v07_g0_replay
2025-05-16,2,6039,日本動物高度医療センター,0.5609100954889169,-0.4498977505112522,2,True,True,False,False,False,1.6018054,1.714289,0.32897863,0.0,0.3750937734433579,v07_g0_replay
2025-05-19,1,4069,ＢｌｕｅＭｅｍｅ,0.5588536370315854,-0.6926406926406892,2,False,True,False,True,False,1.4522567,1.9600047,-0.16859259,0.2,0.0,v07_g0_replay
2025-05-19,2,4375,セーフィー,0.5579904217666479,-4.469987228607919,1,False,False,False,False,True,1.2795358,1.4443254,0.1608889,0.05,1.7321016166281789,v07_g0_replay
2025-05-20,1,4069,ＢｌｕｅＭｅｍｅ,0.5569571356703218,-4.7951176983435095,4,False,True,True,True,True,1.4142247,1.8980014,-0.6476162,0.15,1.9417475728155331,v07_g0_replay
2025-05-20,2,7815,東京ボード⼯業,0.5545394020972941,0.1692047377326533,1,False,False,False,False,True,1.2210932,1.5597866,-0.053005625,0.05,1.724137931034475,v07_g0_replay
2025-05-21,1,3034,クオールホールディングス,0.5609041213015287,-1.5094339622641506,0,False,False,False,False,False,0.6968054,0.28285542,0.8173759,0.05,1.1621764395139955,v07_g0_replay
2025-05-21,2,7815,東京ボード⼯業,0.5592334402064236,-3.378378378378377,0,False,False,False,False,False,1.2781689,1.546841,-0.18085106,0.0,-1.3355592654423987,v07_g0_replay
2025-05-22,1,7815,東京ボード⼯業,0.5675802754005427,-4.720279720279718,0,False,False,False,False,False,0.8119521,1.2017347,-0.37785694,0.0,0.0,v07_g0_replay
2025-05-22,2,3034,クオールホールディングス,0.5608103303028261,0.7700770077007757,0,False,False,False,False,False,0.7131897,0.3278238,0.8029089,0.05,-0.16146393972013007,v07_g0_replay
2025-05-23,1,324A,ブッキングリゾート,0.5776045055911334,-3.790849673202612,,True,False,,False,False,1.6496971,1.4191035,,0.0,1.1074918566775338,v07_g0_replay
2025-05-23,2,7815,東京ボード⼯業,0.5741310235632308,4.553734061930781,0,False,False,False,False,False,0.7993729,1.0558537,-0.5618878,0.0,0.0,v07_g0_replay
2025-05-26,1,3034,クオールホールディングス,0.5600137656367081,-0.5497526113249052,0,False,False,False,False,False,0.6210168,0.27620488,0.7795603,0.05,-0.6004366812227047,v07_g0_replay
2025-05-26,2,9158,シーユーシー,0.5568231665935236,0.9183673469387754,1,False,False,True,False,False,0.8810128,0.20916826,-0.9946524,0.0,0.09803921568627416,v07_g0_replay
2025-05-27,1,3034,クオールホールディングス,0.5623985895841864,1.1538461538461495,0,False,False,False,False,False,0.6034171,0.24468818,0.7376076,0.05,0.6084070796460228,v07_g0_replay
2025-05-27,2,7815,東京ボード⼯業,0.5589252891482557,-1.2411347517730542,1,False,False,True,False,False,0.9990064,1.2015785,-0.640843,0.0,0.0,v07_g0_replay
2025-05-28,1,7815,東京ボード⼯業,0.5549183387525763,,1,False,False,True,False,False,0.92185026,1.1998045,-0.71836007,0.0,-0.1769911504424737,v07_g0_replay
2025-05-28,2,3948,光ビジネスフォーム,0.5465964690329599,-0.3968253968253954,0,False,False,False,False,False,0.55236775,0.37174836,0.9096851,0.05,0.29850746268655914,v07_g0_replay
2025-05-29,1,7345,アイ・パートナーズフィナンシャル,0.5571907908490329,1.4814814814814836,1,False,False,True,False,False,1.1232413,1.3316311,-0.6521481,0.0,-0.17605633802817433,v07_g0_replay
2025-05-29,2,3948,光ビジネスフォーム,0.546346015906666,2.020202020202011,0,False,False,False,False,False,0.5955908,0.34157625,0.9194074,0.05,0.3984063745019917,v07_g0_replay
2025-05-30,1,2726,パルグループホールディングス,0.5423824269260339,-0.1406469760900086,0,False,False,False,False,False,1.012073,1.0280116,0.63916916,0.0,-1.7591339648173165,v07_g0_replay
2025-05-30,2,9236,ジャパンＭ＆Ａソリューション,0.5420160048940444,-3.611111111111109,0,False,False,False,False,False,0.67177004,0.8368734,0.4967359,0.0,0.0,v07_g0_replay
2025-06-02,1,7030,スプリックス,0.5473180399888757,2.1739130434782705,0,False,False,False,False,False,0.64881194,0.6365464,0.7793637,0.05,0.09082652134422275,v07_g0_replay
2025-06-02,2,7345,アイ・パートナーズフィナンシャル,0.5465971712201718,0.1834862385321045,1,False,False,True,False,False,1.154961,1.380567,-0.7579542,0.0,0.0,v07_g0_replay
2025-06-03,1,3271,ＴＨＥグローバル社,0.5556636766634391,-0.6295907660020972,0,False,False,False,False,False,0.808185,0.64461035,0.90104324,0.0,-0.4048582995951455,v07_g0_replay
2025-06-03,2,9424,日本通信,0.5442367889778676,-3.910614525139666,2,False,False,False,True,True,1.0002254,1.1105021,0.8092399,0.15,18.404907975460127,v07_g0_replay
2025-06-04,1,3271,ＴＨＥグローバル社,0.5531035940110363,0.3184713375796288,0,False,False,False,False,False,0.83435446,0.5614704,0.90575606,0.0,-0.3138075313807498,v07_g0_replay
2025-06-04,2,5252,日本ナレッジ,0.551066546642663,0.0,1,False,False,False,False,True,0.73002386,0.3441915,0.8974053,0.05,2.2727272727272707,v07_g0_replay
2025-06-05,1,7685,ＢｕｙＳｅｌｌ Ｔｅｃｈｎｏｌｏｇｉｅｓ,0.5525055984453039,-4.831261101243333,0,False,False,False,False,False,0.78818315,0.42681617,0.73321396,0.0,1.675041876046901,v07_g0_replay
2025-06-05,2,195A,ライスカレー,0.5500613695326547,-1.5051740357478804,1,False,False,False,False,True,0.9747205,0.5995847,0.9236049,0.0,2.0952380952381056,v07_g0_replay
2025-06-06,1,6580,ライトアップ,0.5619828203585684,2.5871766029246235,0,False,False,False,False,False,0.7073453,0.7796637,0.79677224,0.0,0.33670033670034627,v07_g0_replay
2025-06-06,2,9612,ラックランド,0.5604582509952181,-2.365787079162873,1,False,False,True,False,False,1.2705282,0.7593478,-0.99701136,0.0,-0.26338893766462146,v07_g0_replay
2025-06-09,1,7782,シンシア,0.5674878748413944,-1.1686143572620988,0,False,False,False,False,False,0.51282024,0.42734075,0.73389274,0.05,-0.327332242225864,v07_g0_replay
2025-06-09,2,9612,ラックランド,0.562768012582645,1.4995313964386137,1,False,False,True,False,False,1.273711,0.6175955,-0.99760264,0.0,-0.27223230490017736,v07_g0_replay
2025-06-10,1,264A,Ｓｃｈｏｏ,0.5960009331319855,0.2358490566037652,2,False,False,True,True,False,0.9679908,0.33484375,-0.9981911,0.1,0.3671970624234966,v07_g0_replay
2025-06-10,2,3529,アツギ,0.5777211079043711,0.987432675044886,1,False,False,False,False,True,1.2657701,1.1972682,-0.064214654,0.0,2.9925187032418865,v07_g0_replay
2025-06-11,1,264A,Ｓｃｈｏｏ,0.6036207769178599,0.3488372093023217,2,False,False,True,True,False,0.8958153,0.33897445,-0.99879444,0.1,0.7125890736342066,v07_g0_replay
2025-06-11,2,7782,シンシア,0.5594573838566018,-0.3389830508474523,0,False,False,False,False,False,0.38907808,0.22014785,0.7052441,0.0,0.0,v07_g0_replay
2025-06-12,1,264A,Ｓｃｈｏｏ,0.6040574811030559,-2.0809248554913284,2,False,False,True,True,False,0.88290274,0.36159512,-0.9981993,0.1,1.17647058823529,v07_g0_replay
2025-06-12,2,6577,ベストワンドットコム,0.5747006801755986,2.6304441569642067,3,True,True,True,False,False,2.3049722,1.9850959,-0.8565426,0.0,0.2020882452004047,v07_g0_replay
2025-06-13,1,264A,Ｓｃｈｏｏ,0.6034415139826422,-1.740139211136893,2,False,False,True,True,False,0.8810165,0.30450225,-0.99819225,0.1,0.2317497103128563,v07_g0_replay
2025-06-13,2,9612,ラックランド,0.5596145476817902,-2.115384615384619,1,False,False,True,False,False,0.99974734,0.43153292,-0.99638444,0.0,0.0,v07_g0_replay
2025-06-16,1,264A,Ｓｃｈｏｏ,0.5669211175574408,-0.4739336492891044,2,False,False,True,False,True,0.9322047,0.27003908,-0.99638987,0.05,1.7709563164108655,v07_g0_replay
2025-06-16,2,9556,ＩＮＴＬＯＯＰ,0.5658047434323746,7.222222222222219,1,False,True,False,False,False,1.4897811,1.8074486,0.7027677,0.05,0.31847133757962887,v07_g0_replay
2025-06-17,1,331A,メディックス,0.5955130620376542,-1.544401544401541,,False,False,,False,False,1.179016,1.121737,,0.0,-0.39447731755424265,v07_g0_replay
2025-06-17,2,5016,ＪＸ金属,0.5823916303774896,3.1102979613172987,,False,False,,False,False,1.3856748,1.4621365,,0.0,1.0353866317168947,v07_g0_replay
2025-06-18,1,3843,フリービット,0.5474936817221282,0.3506311360448766,1,False,True,False,False,False,1.4386071,1.9480536,-0.5958925,0.0,0.708717221828481,v07_g0_replay
2025-06-18,2,4263,サスメド,0.5466808101918074,0.815660685154973,0,False,False,False,False,False,1.2875149,1.0408618,0.24916944,0.0,-0.5979073243647215,v07_g0_replay
2025-06-19,1,3843,フリービット,0.5508652566414303,-0.6271777003484358,1,False,True,False,False,False,1.4271326,1.8679675,-0.54285717,0.0,0.0,v07_g0_replay
2025-06-19,2,4571,ＮＡＮＯ ＭＲＮＡ,0.5504740327370972,8.904109589041088,4,True,True,False,True,True,1.7890939,1.7835748,-0.18977444,0.2,28.030303030303028,v07_g0_replay
2025-06-20,1,334A,ビジュアル・プロセッシング・ジャパン,0.6192959371518967,-1.0302640051513157,,False,False,,False,False,0.9168571,1.0555853,,0.0,0.46265697290150953,v07_g0_replay
2025-06-20,2,3639,ボルテージ,0.5569871161333725,-0.3773584905660376,1,False,False,False,False,True,1.1358502,0.21758334,0.49577805,0.0,1.9011406844106515,v07_g0_replay
2025-06-23,1,2323,ｆｏｎｆｕｎ,0.5525389865608392,-2.8169014084507005,0,False,False,False,False,False,0.65744984,0.682404,0.28468034,0.0,0.45977011494253706,v07_g0_replay
2025-06-23,2,3843,フリービット,0.5486335463634922,-0.433526011560692,2,False,True,True,False,False,1.188256,1.8321959,-0.6206273,0.0,-0.5610098176718092,v07_g0_replay
2025-06-24,1,2323,ｆｏｎｆｕｎ,0.5505697608657583,3.791469194312791,0,False,False,False,False,False,0.745111,0.6517773,0.07231467,0.0,-0.23419203747072626,v07_g0_replay
2025-06-24,2,4199,ワンダープラネット,0.545782607169201,2.2245762711864403,0,False,False,False,False,False,0.6886786,0.6418306,0.6780635,0.0,-1.1530398322851187,v07_g0_replay
2025-06-25,1,339A,プログレス・テクノロジーズ グループ,0.6139916792416966,-1.8037518037518077,,False,False,,False,False,0.57994753,0.55049974,,0.05,0.0,v07_g0_replay
2025-06-25,2,9552,Ｍ＆Ａ総研ホールディングス,0.547138378664821,-0.3259983700081514,0,False,False,False,False,False,0.8916252,0.5374987,0.13914095,0.0,0.23961661341853624,v07_g0_replay
2025-06-26,1,4199,ワンダープラネット,0.5566816738555851,0.1049317943336847,0,False,False,False,False,False,0.80195516,0.702947,0.65123916,0.0,1.5544041450777257,v07_g0_replay
2025-06-26,2,3399,丸千代山岡家,0.5521155278028602,-0.5172413793103403,0,False,False,False,False,False,0.8663226,1.1120346,0.9838758,0.0,0.0,v07_g0_replay
2025-06-27,1,3843,フリービット,0.5408041153098211,-0.4291845493562207,1,False,False,True,False,False,0.8307426,0.5057578,-0.81179273,0.05,0.21505376344086446,v07_g0_replay
2025-06-27,2,9068,丸全昭和運輸,0.5402171172181228,0.7102272727272707,0,False,False,False,False,False,1.0517871,1.2569319,0.6033353,0.0,0.14144271570013522,v07_g0_replay
2025-06-30,1,3415,ＴＯＫＹＯ ＢＡＳＥ,0.5466966411190778,2.682926829268295,0,False,False,False,False,False,0.76951885,0.4778825,0.94184655,0.0,1.2195121951219523,v07_g0_replay
2025-06-30,2,4437,ｇｏｏｄｄａｙｓホールディングス,0.5466052954908522,1.49253731343284,0,False,False,False,False,False,0.8486601,0.39275378,-0.033573143,0.05,0.1481481481481417,v07_g0_replay
2025-07-01,1,8011,三陽商会,0.5461804029087303,2.77884986491701,3,True,True,True,False,False,1.814863,1.9764861,-0.68424207,0.0,-0.5725833614011466,v07_g0_replay
2025-07-01,2,4069,ＢｌｕｅＭｅｍｅ,0.5460566042064179,2.2950819672131084,0,False,False,False,False,False,0.87320155,0.7495232,0.26123428,0.0,-2.3622047244094446,v07_g0_replay
2025-07-02,1,9348,ｉｓｐａｃｅ,0.5803070917644951,-0.7130124777183555,2,False,False,True,True,False,0.6656643,0.25605336,-0.9826399,0.1,0.0,v07_g0_replay
2025-07-02,2,4437,ｇｏｏｄｄａｙｓホールディングス,0.5460381512929734,-0.1459854014598582,0,False,False,False,False,False,0.9471505,0.48162898,-0.024244238,0.05,0.7352941176470562,v07_g0_replay
2025-07-03,1,343A,ＩＡＣＥトラベル,0.5718572178011648,-3.5916824196597363,,False,False,,False,False,1.0548674,0.4993045,,0.0,1.5325670498084198,v07_g0_replay
2025-07-03,2,9348,ｉｓｐａｃｅ,0.568512265984954,-0.5309734513274322,2,False,False,True,True,False,0.58065504,0.19778892,-0.97005093,0.1,-0.3552397868561319,v07_g0_replay
2025-07-04,1,9348,ｉｓｐａｃｅ,0.5631158004456598,-2.4955436720142554,2,False,False,True,True,False,0.61281925,0.18491368,-0.941247,0.1,1.4362657091562037,v07_g0_replay
2025-07-04,2,4069,ＢｌｕｅＭｅｍｅ,0.5459269223219605,3.3171521035598728,0,False,False,False,False,False,0.91970104,1.0286176,0.25239807,0.0,0.561797752808979,v07_g0_replay
2025-07-07,1,9348,ｉｓｐａｃｅ,0.5436694790930551,1.8281535648994485,1,False,False,True,False,False,0.6079644,0.25955284,-0.9862317,0.05,-0.1779359430605032,v07_g0_replay
2025-07-07,2,3469,デュアルタップ,0.5409239393865323,-3.0878859857482177,2,True,False,True,False,False,1.6721886,0.8255477,-0.9958096,0.0,0.0,v07_g0_replay
2025-07-08,1,7679,薬王堂ホールディングス,0.5466105545094241,2.25390984360625,0,False,False,False,False,False,1.2515728,1.2761642,0.43779904,0.05,0.8695652173912993,v07_g0_replay
2025-07-08,2,4626,太陽ホールディングス,0.5415118497670934,-0.9063444108761364,0,False,False,False,False,False,1.0057303,0.9534861,0.8600478,0.0,0.4477611940298498,v07_g0_replay
2025-07-09,1,4626,太陽ホールディングス,0.5440916860533613,0.0,0,False,False,False,False,False,0.9712377,0.8073767,0.83238554,0.0,0.0,v07_g0_replay
2025-07-09,2,9364,上組,0.5402983872392008,1.3131813676907855,0,False,False,False,False,False,1.187578,0.71065634,0.40915895,0.0,1.6498399409012654,v07_g0_replay
2025-07-10,1,9024,⻄武ホールディングス,0.547541112522753,-2.725143708750266,0,False,False,False,False,False,1.1021394,1.2276348,0.83189267,0.0,-1.0406243746247767,v07_g0_replay
2025-07-10,2,4069,ＢｌｕｅＭｅｍｅ,0.5437043332279466,4.182804027885356,0,False,False,False,False,False,1.3369536,1.4653928,-0.08614009,0.0,0.0,v07_g0_replay
2025-07-11,1,4437,ｇｏｏｄｄａｙｓホールディングス,0.5436087266023126,0.2928257686676483,0,False,False,False,False,False,0.65064,1.558901,0.11309524,0.05,0.0,v07_g0_replay
2025-07-11,2,7679,薬王堂ホールディングス,0.5412701851051854,-0.2325581395348885,1,True,False,False,False,False,1.6843177,1.4151647,0.42083332,0.05,0.0,v07_g0_replay
2025-07-14,1,1921,巴コーポレーション,0.5466483962101228,1.2137559002022955,0,False,False,False,False,False,1.1283574,1.1601232,0.3243808,0.0,0.0,v07_g0_replay
2025-07-14,2,9024,⻄武ホールディングス,0.5424994609387087,-3.1450872359963244,0,False,False,False,False,False,1.1956271,1.1216657,0.7290361,0.0,-0.2407528999781139,v07_g0_replay
2025-07-15,1,189A,Ｄ＆Ｍカンパニー,0.5565509545024306,-3.562945368171022,3,True,True,False,True,False,1.90114,1.9993597,-0.10865672,0.1,0.0,v07_g0_replay
2025-07-15,2,9024,⻄武ホールディングス,0.5405070074887408,-1.6792809839167422,0,False,False,False,False,False,1.2898666,0.96059823,0.6,0.0,-0.20618556701030855,v07_g0_replay
2025-07-16,1,4572,カルナバイオサイエンス,0.5517742122852098,-1.3513513513513489,1,False,False,False,True,False,0.9528635,1.3722782,0.43712574,0.1,0.3278688524590123,v07_g0_replay
2025-07-16,2,6822,大井電気,0.549439047286333,-1.5974440894568676,0,False,False,False,False,False,0.66050524,0.84918565,0.26347306,0.05,0.0,v07_g0_replay
2025-07-17,1,4572,カルナバイオサイエンス,0.5443838351794722,1.718213058419238,1,False,False,False,True,False,0.9965071,1.3388852,0.08916816,0.1,-0.6711409395973145,v07_g0_replay
2025-07-17,2,7043,アルー,0.5412457045824351,0.2600780234070177,0,False,False,False,False,False,0.77195334,0.7255301,0.28605625,0.05263158,0.0,v07_g0_replay
2025-07-18,1,7043,アルー,0.5434403553626177,0.1290322580645098,0,False,False,False,False,False,0.8200992,0.8293838,0.20323257,0.05263158,-0.7741935483870921,v07_g0_replay
2025-07-18,2,189A,Ｄ＆Ｍカンパニー,0.5404413371422387,-1.520467836257311,3,True,True,False,True,False,1.8591774,1.747714,-0.079916194,0.1,1.3221153846153744,v07_g0_replay
2025-07-22,1,6597,ＨＰＣシステムズ,0.5509702113930887,-1.6949152542372836,1,False,False,False,False,True,1.1952063,0.69892335,0.94151,0.0,3.9204859193815667,v07_g0_replay
2025-07-22,2,7043,アルー,0.5468103192607946,2.05920205920207,0,False,False,False,False,False,1.1285285,1.068751,0.26410028,0.05263158,0.5188067444876765,v07_g0_replay
2025-07-23,1,352A,ＬＩＦＥ ＣＲＥＡＴＥ,0.5960281944382155,-1.4234875444839812,,False,False,,False,False,1.1465687,1.1136461,,0.0,0.22189349112426981,v07_g0_replay
2025-07-23,2,4572,カルナバイオサイエンス,0.5459334875892603,1.730103806228378,0,False,False,False,False,False,1.0632718,0.40207222,0.36723164,0.05,1.379310344827589,v07_g0_replay
2025-07-24,1,3271,ＴＨＥグローバル社,0.5751167566973616,1.1607142857142927,1,False,True,False,False,False,1.3726097,1.8713555,0.23630953,0.0,0.3205128205128194,v07_g0_replay
2025-07-24,2,7709,クボテック,0.5690018352494522,0.0,0,False,False,False,False,False,0.5264338,0.20717078,-0.4232143,0.05,0.5319148936170137,v07_g0_replay
2025-07-25,1,7709,クボテック,0.5608148106287731,-2.617801047120416,2,False,False,True,True,False,0.59271127,0.19437228,-0.7579542,0.1,0.0,v07_g0_replay
2025-07-25,2,3271,ＴＨＥグローバル社,0.5456534562773102,-1.6014234875444844,2,True,True,False,False,False,1.5355946,1.9089177,0.29289326,0.0,-0.4444444444444473,v07_g0_replay
2025-07-28,1,7709,クボテック,0.5694968752222297,1.538461538461533,2,False,False,True,True,False,0.69063973,0.19744378,-0.80493605,0.1,1.0582010582010692,v07_g0_replay
2025-07-28,2,3271,ＴＨＥグローバル社,0.5582842327185829,0.5454545454545379,1,False,True,False,False,False,1.4950104,1.8034562,0.13291703,0.0,-0.7943512797881747,v07_g0_replay
2025-07-29,1,3271,ＴＨＥグローバル社,0.558072641377242,1.8867924528301885,1,True,False,False,False,False,1.581735,1.6533629,0.30124778,0.0,-0.5424954792043413,v07_g0_replay
2025-07-29,2,7709,クボテック,0.5466503083817315,-6.030150753768848,2,False,False,False,True,True,0.77735704,0.46765622,-0.2982769,0.1,4.8387096774193505,v07_g0_replay
2025-07-30,1,7709,クボテック,0.5657877400761426,-1.0471204188481686,1,False,False,False,True,False,0.8302147,0.56318325,-0.4564377,0.1,0.5050505050504972,v07_g0_replay
2025-07-30,2,3271,ＴＨＥグローバル社,0.5600953173366104,-1.581722319859402,0,False,False,False,False,False,1.4073981,1.5796807,0.43443355,0.0,0.6329113924050667,v07_g0_replay
2025-07-31,1,5449,大阪製鐵,0.5602448590444277,4.280472890338372,2,True,True,False,False,False,1.60012,1.738198,-0.19272077,0.0,-1.2959719789842339,v07_g0_replay
2025-07-31,2,4099,四国化成ホールディングス,0.5509569848355086,-0.8962264150943366,0,False,False,False,False,False,1.3477887,1.3842996,0.35381863,0.0,1.037613488975353,v07_g0_replay
