period_id,marker,state,candidate_rows,observed_return_rows,mean_oc_return_pct,median_oc_return_pct,loss_rate,catastrophic_loss_rate
error_discovery,range_expansion,marked,39,39,-0.8588834637622904,-0.6980802792321161,0.6666666666666666,0.1282051282051282
error_discovery,range_expansion,unmarked,128,128,-0.25654681365595267,-0.1233975822904298,0.515625,0.03125
error_discovery,range_expansion,unavailable,1,0,,,,
error_discovery,close_volatility_expansion,marked,30,30,-1.816364432258055,-0.9904789210240239,0.6666666666666666,0.26666666666666666
error_discovery,close_volatility_expansion,unmarked,138,137,-0.08644900924780737,-0.153668843641952,0.5255474452554745,0.0072992700729927005
error_discovery,close_volatility_expansion,unavailable,0,0,,,,
error_discovery,deep_60d_relative_loser,marked,52,51,-0.43234123137178726,-0.1219512195121952,0.5098039215686274,0.058823529411764705
error_discovery,deep_60d_relative_loser,unmarked,104,104,-0.4317169160572689,-0.4746017838287153,0.5865384615384616,0.057692307692307696
error_discovery,deep_60d_relative_loser,unavailable,12,12,0.05112623626882059,0.0760679139180209,0.4166666666666667,0.0
error_discovery,frequent_flat_session,marked,39,38,-0.33004883459954243,-0.18820577164366245,0.5,0.07894736842105263
error_discovery,frequent_flat_session,unmarked,129,129,-0.4169968334876641,-0.2380952380952372,0.5658914728682171,0.046511627906976744
error_discovery,frequent_flat_session,unavailable,0,0,,,,
error_discovery,large_positive_overnight,marked,57,57,-0.3678755428414572,-0.8534850640113834,0.5964912280701754,0.05263157894736842
error_discovery,large_positive_overnight,unmarked,111,110,-0.41241401175207476,-0.13964849217273365,0.5272727272727272,0.05454545454545454
error_discovery,large_positive_overnight,unavailable,0,0,,,,
error_discovery,count_ge_1,marked,121,121,-0.48206784566587213,-0.2504173622704497,0.5619834710743802,0.0743801652892562
error_discovery,count_ge_1,unmarked,34,34,-0.2534633160101936,-0.3093888995518767,0.5588235294117647,0.0
error_discovery,count_ge_1,unavailable,13,12,0.05112623626882059,0.0760679139180209,0.4166666666666667,0.0
error_discovery,count_ge_2,marked,58,58,-1.1993775246151273,-0.9772308502237426,0.6379310344827587,0.13793103448275862
error_discovery,count_ge_2,unmarked,97,97,0.026968395440827415,-0.1219512195121952,0.5154639175257731,0.010309278350515464
error_discovery,count_ge_2,unavailable,13,12,0.05112623626882059,0.0760679139180209,0.4166666666666667,0.0
error_discovery,count_ge_3,marked,25,25,-0.8781058952893743,-0.6980802792321161,0.6,0.16
error_discovery,count_ge_3,unmarked,130,130,-0.3461178052898674,-0.1934668245071713,0.5538461538461539,0.038461538461538464
error_discovery,count_ge_3,unavailable,13,12,0.05112623626882059,0.0760679139180209,0.4166666666666667,0.0
replay_a,range_expansion,marked,15,15,-0.9326467553444026,-0.2747252747252737,0.5333333333333333,0.06666666666666667
replay_a,range_expansion,unmarked,67,67,0.9655403710005848,0.7331378299120228,0.3283582089552239,0.014925373134328358
replay_a,range_expansion,unavailable,0,0,,,,
replay_a,close_volatility_expansion,marked,14,14,-1.0424328114632064,-1.1546811850763228,0.5714285714285714,0.14285714285714285
replay_a,close_volatility_expansion,unmarked,68,68,0.9602288659905592,0.7181102886715363,0.3235294117647059,0.0
replay_a,close_volatility_expansion,unavailable,0,0,,,,
replay_a,deep_60d_relative_loser,marked,40,40,0.05080144912345297,-0.13995862944361495,0.525,0.05
replay_a,deep_60d_relative_loser,unmarked,37,37,1.1258699251161008,1.182654402102501,0.24324324324324326,0.0
replay_a,deep_60d_relative_loser,unavailable,5,5,1.4024516665278597,0.6036217303822866,0.0,0.0
replay_a,frequent_flat_session,marked,12,12,-0.39761777132940973,0.2351125286605526,0.4166666666666667,0.0
replay_a,frequent_flat_session,unmarked,70,70,0.7924702397546579,0.7181102886715363,0.35714285714285715,0.02857142857142857
replay_a,frequent_flat_session,unavailable,0,0,,,,
replay_a,large_positive_overnight,marked,13,13,-0.2570871739047003,0.0800640512409911,0.46153846153846156,0.07692307692307693
replay_a,large_positive_overnight,unmarked,69,69,0.7832411128642645,0.7331378299120228,0.34782608695652173,0.014492753623188406
replay_a,large_positive_overnight,unavailable,0,0,,,,
replay_a,count_ge_1,marked,54,54,0.23760005670600035,0.15632515632515442,0.4444444444444444,0.037037037037037035
replay_a,count_ge_1,unmarked,23,23,1.341688788352601,1.2638436482084623,0.2608695652173913,0.0
replay_a,count_ge_1,unavailable,5,5,1.4024516665278597,0.6036217303822866,0.0,0.0
replay_a,count_ge_2,marked,24,24,-0.6856260647407654,-0.35012859480944564,0.5416666666666666,0.08333333333333333
replay_a,count_ge_2,unmarked,53,53,1.1347975612832493,0.8221225710014934,0.32075471698113206,0.0
replay_a,count_ge_2,unavailable,5,5,1.4024516665278597,0.6036217303822866,0.0,0.0
replay_a,count_ge_3,marked,8,8,-2.4599161324946826,-2.2300123001230023,0.875,0.125
replay_a,count_ge_3,unmarked,69,69,0.9183851341187145,0.8196721311475308,0.3333333333333333,0.014492753623188406
replay_a,count_ge_3,unavailable,5,5,1.4024516665278597,0.6036217303822866,0.0,0.0
replay_b,range_expansion,marked,17,17,-0.3481347843101248,-0.7042253521126751,0.5882352941176471,0.058823529411764705
replay_b,range_expansion,unmarked,97,97,-0.19975105222543676,0.0,0.4948453608247423,0.020618556701030927
replay_b,range_expansion,unavailable,0,0,,,,
replay_b,close_volatility_expansion,marked,11,11,-0.24549786724058323,-0.3533568904593664,0.5454545454545454,0.09090909090909091
replay_b,close_volatility_expansion,unmarked,102,102,-0.2280424855505856,-0.03753839393977885,0.5098039215686274,0.0196078431372549
replay_b,close_volatility_expansion,unavailable,1,1,0.6666666666666599,0.6666666666666599,0.0,0.0
replay_b,deep_60d_relative_loser,marked,41,41,-0.5340885224718572,-0.3533568904593664,0.5365853658536586,0.04878048780487805
replay_b,deep_60d_relative_loser,unmarked,60,60,-0.13712131848139814,-0.0192233756247606,0.5,0.016666666666666666
replay_b,deep_60d_relative_loser,unavailable,13,13,0.3715973177761955,0.1739130434782687,0.46153846153846156,0.0
replay_b,frequent_flat_session,marked,26,26,-0.20675072476391038,-0.36005252835926704,0.5769230769230769,0.038461538461538464
replay_b,frequent_flat_session,unmarked,88,88,-0.22634800630997523,0.0,0.48863636363636365,0.022727272727272728
replay_b,frequent_flat_session,unavailable,0,0,,,,
replay_b,large_positive_overnight,marked,20,20,-0.039883144277755876,-0.31221420229904373,0.55,0.0
replay_b,large_positive_overnight,unmarked,94,94,-0.2606008565274933,-0.01831501831501825,0.5,0.031914893617021274
replay_b,large_positive_overnight,unavailable,0,0,,,,
replay_b,count_ge_1,marked,69,69,-0.33079464613081305,-0.3533568904593664,0.5507246376811594,0.028985507246376812
replay_b,count_ge_1,unmarked,31,31,-0.25699176173776095,0.0,0.45161290322580644,0.03225806451612903
replay_b,count_ge_1,unavailable,14,14,0.3926736998398001,0.22740595994138466,0.42857142857142855,0.0
replay_b,count_ge_2,marked,31,31,-0.45834336235110873,-0.588235294117645,0.5806451612903226,0.06451612903225806
replay_b,count_ge_2,unmarked,69,69,-0.24033233281177274,0.0,0.4927536231884058,0.014492753623188406
replay_b,count_ge_2,unavailable,14,14,0.3926736998398001,0.22740595994138466,0.42857142857142855,0.0
replay_b,count_ge_3,marked,11,11,-0.42221878673318736,-0.3533568904593664,0.5454545454545454,0.09090909090909091
replay_b,count_ge_3,unmarked,89,89,-0.2937884105936138,-0.0656167979002586,0.5168539325842697,0.02247191011235955
replay_b,count_ge_3,unavailable,14,14,0.3926736998398001,0.22740595994138466,0.42857142857142855,0.0
replay_c,range_expansion,marked,31,31,-0.7617676606117925,-0.4498977505112522,0.5483870967741935,0.0967741935483871
replay_c,range_expansion,unmarked,137,136,-0.2279655576359412,-0.19149617118870416,0.5220588235294118,0.014705882352941176
replay_c,range_expansion,unavailable,0,0,,,,
replay_c,close_volatility_expansion,marked,29,29,-0.42323326707664555,-0.4498977505112522,0.5517241379310345,0.06896551724137931
replay_c,close_volatility_expansion,unmarked,139,138,-0.3068431055958757,-0.18927177049737334,0.5217391304347826,0.021739130434782608
replay_c,close_volatility_expansion,unavailable,0,0,,,,
replay_c,deep_60d_relative_loser,marked,37,36,-0.9790028083138724,-0.5024535503082683,0.5833333333333334,0.027777777777777776
replay_c,deep_60d_relative_loser,unmarked,120,120,-0.036130801838616125,0.0,0.48333333333333334,0.03333333333333333
replay_c,deep_60d_relative_loser,unavailable,11,11,-1.3671196361382032,-1.544401544401541,0.8181818181818182,0.0
replay_c,frequent_flat_session,marked,28,28,-1.1180497528778317,-1.3284171900359856,0.6785714285714286,0.10714285714285714
replay_c,frequent_flat_session,unmarked,140,139,-0.1677174117760739,0.0,0.49640287769784175,0.014388489208633094
replay_c,frequent_flat_session,unavailable,0,0,,,,
replay_c,large_positive_overnight,marked,25,25,-0.9855844138654123,-0.7052186177715081,0.6,0.08
replay_c,large_positive_overnight,unmarked,143,142,-0.21111621810435396,-0.1433161887749334,0.5140845070422535,0.02112676056338028
replay_c,large_positive_overnight,unavailable,0,0,,,,
replay_c,count_ge_1,marked,78,77,-0.6988128017268889,-0.4739336492891044,0.5714285714285714,0.06493506493506493
replay_c,count_ge_1,unmarked,79,79,0.18011124573464699,0.0,0.4430379746835443,0.0
replay_c,count_ge_1,unavailable,11,11,-1.3671196361382032,-1.544401544401541,0.8181818181818182,0.0
replay_c,count_ge_2,marked,46,46,-1.056415491275073,-1.0092477532194888,0.6304347826086957,0.08695652173913043
replay_c,count_ge_2,unmarked,111,110,0.08195741162472743,0.0,0.45454545454545453,0.00909090909090909
replay_c,count_ge_2,unavailable,11,11,-1.3671196361382032,-1.544401544401541,0.8181818181818182,0.0
replay_c,count_ge_3,marked,21,21,-0.9268970433000354,-1.4500836586726185,0.5238095238095238,0.09523809523809523
replay_c,count_ge_3,unmarked,136,135,-0.1489996993380192,-0.1096892138939709,0.5037037037037037,0.022222222222222223
replay_c,count_ge_3,unavailable,11,11,-1.3671196361382032,-1.544401544401541,0.8181818181818182,0.0
